team_name,team_aggr,total_map_win,best_of_type,pick_team,match_res,map_stats,total_win,t_win,ct_win,event_name,match_type,player_list,ban_map_1,ban_map_2,pick_map_1,pick_map_2,pick_map_3,match_map_1,match_map_2,match_map_3,match_map_4,match_map_5,match_url
Gentle Mates,M8,2,Bo3,B,win,"[['Haven', 13, 8, 5], ['Pearl', 13, 6, 7]]",26,14,12,Valorant Masters Santiago 2026,Swiss Stage: Round 1,"['M8 Minny', 'M8 marteen', 'M8 GLYPH', 'M8 starxo', 'M8 bipo']",Breeze,Corrode,Pearl,Abyss,-,Haven,Pearl,-,-,-,https://www.vlr.gg/625788/gentle-mates-vs-edward-gaming-valorant-masters-santiago-2026-r1
EDward Gaming,EDG,0,Bo3,A,loss,"[['Haven', 11, 7, 4], ['Pearl', 7, 1, 6]]",18,8,10,Valorant Masters Santiago 2026,Swiss Stage: Round 1,"['EDG ZmjjKK', 'EDG cb', 'EDG CHICHOO', 'EDG Smoggy', 'EDG nobody']",Split,Bind,Haven,Abyss,-,Haven,Pearl,-,-,-,https://www.vlr.gg/625788/gentle-mates-vs-edward-gaming-valorant-masters-santiago-2026-r1
Xi Lai Gaming,XLG,0,Bo3,B,loss,"[['Haven', 2, 0, 2], ['Abyss', 10, 7, 3]]",12,7,5,Valorant Masters Santiago 2026,Swiss Stage: Round 1,"['XLG happywei', 'XLG Lysoar', 'XLG Rarga', 'XLG WsLeo', 'XLG NoMan']",Corrode,Breeze,Abyss,Pearl,-,Haven,Abyss,-,-,-,https://www.vlr.gg/625791/xi-lai-gaming-vs-nrg-valorant-masters-santiago-2026-r1
NRG,NRG,2,Bo3,A,win,"[['Haven', 13, 10, 3], ['Abyss', 13, 9, 4]]",26,19,7,Valorant Masters Santiago 2026,Swiss Stage: Round 1,"['NRG keiko', 'NRG brawk', 'NRG mada', 'NRG skuba', 'NRG Ethan']",Bind,Split,Haven,Pearl,-,Haven,Abyss,-,-,-,https://www.vlr.gg/625791/xi-lai-gaming-vs-nrg-valorant-masters-santiago-2026-r1
G2 Esports,G2,0,Bo3,B,loss,"[['Split', 9, 4, 5], ['Corrode', 5, 5, 0]]",14,9,5,Valorant Masters Santiago 2026,Swiss Stage: Round 1,"['G2 valyn', 'G2 trent', 'G2 leaf', 'G2 jawgemo', 'G2 BABYBAY']",Haven,Bind,Corrode,Breeze,-,Split,Corrode,-,-,-,https://www.vlr.gg/625790/g2-esports-vs-paper-rex-valorant-masters-santiago-2026-r1
Paper Rex,PRX,2,Bo3,A,win,"[['Split', 13, 5, 8], ['Corrode', 13, 6, 7]]",26,11,15,Valorant Masters Santiago 2026,Swiss Stage: Round 1,"['PRX f0rsakeN', 'PRX d4v41', 'PRX invy', 'PRX Jinggg', 'PRX something']",Abyss,Pearl,Split,Breeze,-,Split,Corrode,-,-,-,https://www.vlr.gg/625790/g2-esports-vs-paper-rex-valorant-masters-santiago-2026-r1
T1,T1,0,Bo3,B,loss,"[['Breeze', 8, 4, 4], ['Split', 13, 5, 7]]",21,9,11,Valorant Masters Santiago 2026,Swiss Stage: Round 1,"['T1 stax', 'T1 iZu', 'T1 Munchkin', 'T1 BuZz', 'T1 Meteor']",Bind,Corrode,Split,Haven,-,Breeze,Split,-,-,-,https://www.vlr.gg/625789/t1-vs-team-liquid-valorant-masters-santiago-2026-r1
Team Liquid,TL,2,Bo3,A,win,"[['Breeze', 13, 5, 8], ['Split', 15, 5, 7]]",28,10,15,Valorant Masters Santiago 2026,Swiss Stage: Round 1,"['TL MiniBoo', 'TL purp0', 'TL wayne', 'TL kamo', 'TL nAts']",Pearl,Abyss,Breeze,Haven,-,Breeze,Split,-,-,-,https://www.vlr.gg/625789/t1-vs-team-liquid-valorant-masters-santiago-2026-r1
Paper Rex,PRX,2,Bo3,A,win,"[['Split', 10, 6, 4], ['Pearl', 13, 7, 6], ['Haven', 11, 7, 4]]",34,20,14,Valorant Masters Santiago 2026,Swiss Stage: Round 2 (1-0),"['PRX invy', 'PRX f0rsakeN', 'PRX d4v41', 'PRX Jinggg', 'PRX something']",Abyss,Corrode,Split,Haven,-,Split,Pearl,Haven,-,-,https://www.vlr.gg/626529/paper-rex-vs-nrg-valorant-masters-santiago-2026-r2-1-0
NRG,NRG,1,Bo3,B,loss,"[['Split', 13, 7, 6], ['Pearl', 10, 5, 5], ['Haven', 13, 8, 5]]",36,20,16,Valorant Masters Santiago 2026,Swiss Stage: Round 2 (1-0),"['NRG keiko', 'NRG mada', 'NRG Ethan', 'NRG brawk', 'NRG skuba']",Bind,Breeze,Pearl,Haven,-,Split,Pearl,Haven,-,-,https://www.vlr.gg/626529/paper-rex-vs-nrg-valorant-masters-santiago-2026-r2-1-0
Gentle Mates,M8,2,Bo3,A,win,"[['Pearl', 11, 6, 5], ['Bind', 3, 1, 2]]",14,7,7,Valorant Masters Santiago 2026,Swiss Stage: Round 2 (1-0),"['M8 marteen', 'M8 starxo', 'M8 Minny', 'M8 bipo', 'M8 GLYPH']",Breeze,Corrode,Pearl,Split,-,Pearl,Bind,-,-,-,https://www.vlr.gg/626530/gentle-mates-vs-team-liquid-valorant-masters-santiago-2026-r2-1-0
Team Liquid,TL,0,Bo3,B,loss,"[['Pearl', 13, 7, 6], ['Bind', 13, 10, 3]]",26,17,9,Valorant Masters Santiago 2026,Swiss Stage: Round 2 (1-0),"['TL nAts', 'TL kamo', 'TL purp0', 'TL wayne', 'TL MiniBoo']",Abyss,Haven,Bind,Split,-,Pearl,Bind,-,-,-,https://www.vlr.gg/626530/gentle-mates-vs-team-liquid-valorant-masters-santiago-2026-r2-1-0
EDward Gaming,EDG,0,Bo3,B,loss,"[['Bind', 1, 0, 1], ['Haven', 10, 4, 6]]",11,4,7,Valorant Masters Santiago 2026,Swiss Stage: Round 2 (0-1),"['EDG ZmjjKK', 'EDG CHICHOO', 'EDG Smoggy', 'EDG nobody', 'EDG cb']",Breeze,Pearl,Haven,Split,-,Bind,Haven,-,-,-,https://www.vlr.gg/626532/edward-gaming-vs-t1-valorant-masters-santiago-2026-r2-0-1
T1,T1,2,Bo3,A,win,"[['Bind', 13, 11, 2], ['Haven', 13, 5, 8]]",26,16,10,Valorant Masters Santiago 2026,Swiss Stage: Round 2 (0-1),"['T1 stax', 'T1 Munchkin', 'T1 BuZz', 'T1 iZu', 'T1 Meteor']",Corrode,Abyss,Bind,Split,-,Bind,Haven,-,-,-,https://www.vlr.gg/626532/edward-gaming-vs-t1-valorant-masters-santiago-2026-r2-0-1
Xi Lai Gaming,XLG,0,Bo3,A,loss,"[['Abyss', 13, 6, 7], ['Haven', 13, 4, 9]]",26,10,16,Valorant Masters Santiago 2026,Swiss Stage: Round 2 (0-1),"['XLG happywei', 'XLG Lysoar', 'XLG NoMan', 'XLG Rarga', 'XLG WsLeo']",Corrode,Split,Abyss,Breeze,-,Abyss,Haven,-,-,-,https://www.vlr.gg/626533/xi-lai-gaming-vs-g2-esports-valorant-masters-santiago-2026-r2-0-1
G2 Esports,G2,2,Bo3,B,win,"[['Abyss', 8, 2, 6], ['Haven', 3, 3, 0]]",11,5,6,Valorant Masters Santiago 2026,Swiss Stage: Round 2 (0-1),"['G2 leaf', 'G2 jawgemo', 'G2 valyn', 'G2 trent', 'G2 BABYBAY']",Pearl,Bind,Haven,Breeze,-,Abyss,Haven,-,-,-,https://www.vlr.gg/626533/xi-lai-gaming-vs-g2-esports-valorant-masters-santiago-2026-r2-0-1
NRG,NRG,2,Bo3,B,win,"[['Breeze', 13, 8, 5], ['Abyss', 13, 5, 8]]",26,13,13,Valorant Masters Santiago 2026,Swiss Stage: Round 3,"['NRG keiko', 'NRG skuba', 'NRG brawk', 'NRG mada', 'NRG Ethan']",Bind,Split,Abyss,Pearl,-,Breeze,Abyss,-,-,-,https://www.vlr.gg/626535/nrg-vs-team-liquid-valorant-masters-santiago-2026-r3
Team Liquid,TL,0,Bo3,A,loss,"[['Breeze', 11, 7, 4], ['Abyss', 4, 4, 0]]",15,11,4,Valorant Masters Santiago 2026,Swiss Stage: Round 3,"['TL wayne', 'TL nAts', 'TL kamo', 'TL purp0', 'TL MiniBoo']",Haven,Corrode,Breeze,Pearl,-,Breeze,Abyss,-,-,-,https://www.vlr.gg/626535/nrg-vs-team-liquid-valorant-masters-santiago-2026-r3
G2 Esports,G2,2,Bo3,B,win,"[['Breeze', 13, 7, 6], ['Haven', 16, 10, 2]]",29,17,8,Valorant Masters Santiago 2026,Swiss Stage: Round 3,"['G2 trent', 'G2 jawgemo', 'G2 leaf', 'G2 BABYBAY', 'G2 valyn']",Bind,Pearl,Haven,Split,-,Breeze,Haven,-,-,-,https://www.vlr.gg/626534/g2-esports-vs-t1-valorant-masters-santiago-2026-r3
T1,T1,0,Bo3,A,loss,"[['Breeze', 6, 1, 5], ['Haven', 14, 10, 2]]",20,11,7,Valorant Masters Santiago 2026,Swiss Stage: Round 3,"['T1 iZu', 'T1 Munchkin', 'T1 BuZz', 'T1 Meteor', 'T1 stax']",Corrode,Abyss,Breeze,Split,-,Breeze,Haven,-,-,-,https://www.vlr.gg/626534/g2-esports-vs-t1-valorant-masters-santiago-2026-r3
FURIA,FUR,1,Bo3,B,loss,"[['Haven', 13, 7, 6], ['Breeze', 4, 3, 1], ['Split', 7, 7, 0]]",24,17,7,Valorant Masters Santiago 2026,Playoffs: Upper Quarterfinals,"['FUR eeiu', 'FUR koalanoob', 'FUR nerve', 'FUR artzin', 'FUR alym']",Bind,Pearl,Breeze,Split,-,Haven,Breeze,Split,-,-,https://www.vlr.gg/626539/furia-vs-paper-rex-valorant-masters-santiago-2026-ubqf
Paper Rex,PRX,2,Bo3,A,win,"[['Haven', 9, 6, 3], ['Breeze', 13, 4, 9], ['Split', 13, 8, 5]]",35,18,17,Valorant Masters Santiago 2026,Playoffs: Upper Quarterfinals,"['PRX something', 'PRX d4v41', 'PRX invy', 'PRX Jinggg', 'PRX f0rsakeN']",Abyss,Corrode,Haven,Split,-,Haven,Breeze,Split,-,-,https://www.vlr.gg/626539/furia-vs-paper-rex-valorant-masters-santiago-2026-ubqf
Nongshim RedForce,NS,2,Bo3,B,win,"[['Haven', 13, 6, 7], ['Corrode', 13, 8, 5]]",26,14,12,Valorant Masters Santiago 2026,Playoffs: Upper Quarterfinals,"['NS Ivy', 'NS Dambi', 'NS Xross', 'NS Rb', 'NS Francis']",Pearl,Abyss,Corrode,Bind,-,Haven,Corrode,-,-,-,https://www.vlr.gg/626537/nongshim-redforce-vs-gentle-mates-valorant-masters-santiago-2026-ubqf
Gentle Mates,M8,0,Bo3,A,loss,"[['Haven', 10, 5, 5], ['Corrode', 10, 7, 3]]",20,12,8,Valorant Masters Santiago 2026,Playoffs: Upper Quarterfinals,"['M8 marteen', 'M8 GLYPH', 'M8 starxo', 'M8 Minny', 'M8 bipo']",Breeze,Split,Haven,Bind,-,Haven,Corrode,-,-,-,https://www.vlr.gg/626537/nongshim-redforce-vs-gentle-mates-valorant-masters-santiago-2026-ubqf
BBL Esports,BBL,1,Bo3,A,loss,"[['Pearl', 13, 9, 4], ['Abyss', 6, 3, 3], ['Split', 17, 5, 7]]",36,17,14,Valorant Masters Santiago 2026,Playoffs: Upper Quarterfinals,"['BBL rock lovers', 'BBL Loita', 'BBL Lar0k', 'BBL Crewen', 'BBL Rosé']",Bind,Corrode,Pearl,Split,-,Pearl,Abyss,Split,-,-,https://www.vlr.gg/626540/bbl-esports-vs-nrg-valorant-masters-santiago-2026-ubqf
NRG,NRG,2,Bo3,B,win,"[['Pearl', 6, 3, 3], ['Abyss', 13, 9, 4], ['Split', 15, 5, 7]]",34,17,14,Valorant Masters Santiago 2026,Playoffs: Upper Quarterfinals,"['NRG Ethan', 'NRG skuba', 'NRG keiko', 'NRG brawk', 'NRG mada']",Haven,Breeze,Abyss,Split,-,Pearl,Abyss,Split,-,-,https://www.vlr.gg/626540/bbl-esports-vs-nrg-valorant-masters-santiago-2026-ubqf
All Gamers,AG,0,Bo3,A,loss,"[['Split', 13, 8, 5], ['Abyss', 13, 4, 9]]",26,12,14,Valorant Masters Santiago 2026,Playoffs: Upper Quarterfinals,"['AG f4ngeer', 'AG Au1', 'AG iamgrq', 'AG Shr1mp', 'AG K1ra']",Haven,Breeze,Split,Bind,-,Split,Abyss,-,-,-,https://www.vlr.gg/626538/all-gamers-vs-g2-esports-valorant-masters-santiago-2026-ubqf
G2 Esports,G2,2,Bo3,B,win,"[['Split', 6, 2, 4], ['Abyss', 4, 3, 1]]",10,5,5,Valorant Masters Santiago 2026,Playoffs: Upper Quarterfinals,"['G2 BABYBAY', 'G2 valyn', 'G2 trent', 'G2 leaf', 'G2 jawgemo']",Pearl,Corrode,Abyss,Bind,-,Split,Abyss,-,-,-,https://www.vlr.gg/626538/all-gamers-vs-g2-esports-valorant-masters-santiago-2026-ubqf
FURIA,FUR,1,Bo3,A,loss,"[['Haven', 13, 4, 9], ['Breeze', 10, 5, 5], ['Abyss', 13, 4, 9]]",36,13,23,Valorant Masters Santiago 2026,Playoffs: Lower Round 1,"['FUR eeiu', 'FUR artzin', 'FUR alym', 'FUR koalanoob', 'FUR nerve']",Pearl,Corrode,Haven,Abyss,-,Haven,Breeze,Abyss,-,-,https://www.vlr.gg/626546/furia-vs-bbl-esports-valorant-masters-santiago-2026-lr1
BBL Esports,BBL,2,Bo3,B,win,"[['Haven', 7, 3, 4], ['Breeze', 13, 6, 7], ['Abyss', 11, 3, 8]]",31,12,19,Valorant Masters Santiago 2026,Playoffs: Lower Round 1,"['BBL Lar0k', 'BBL Loita', 'BBL Crewen', 'BBL Rosé', 'BBL rock lovers']",Bind,Split,Breeze,Abyss,-,Haven,Breeze,Abyss,-,-,https://www.vlr.gg/626546/furia-vs-bbl-esports-valorant-masters-santiago-2026-lr1
Gentle Mates,M8,1,Bo3,A,loss,"[['Pearl', 5, 1, 4], ['Split', 13, 5, 8], ['Bind', 13, 9, 4]]",31,15,16,Valorant Masters Santiago 2026,Playoffs: Lower Round 1,"['M8 marteen', 'M8 starxo', 'M8 Minny', 'M8 bipo', 'M8 GLYPH']",Breeze,Corrode,Pearl,Bind,-,Pearl,Split,Bind,-,-,https://www.vlr.gg/626545/gentle-mates-vs-all-gamers-valorant-masters-santiago-2026-lr1
All Gamers,AG,2,Bo3,B,win,"[['Pearl', 13, 8, 5], ['Split', 4, 4, 0], ['Bind', 8, 8, 0]]",25,20,5,Valorant Masters Santiago 2026,Playoffs: Lower Round 1,"['AG K1ra', 'AG iamgrq', 'AG Au1', 'AG Shr1mp', 'AG f4ngeer']",Haven,Abyss,Split,Bind,-,Pearl,Split,Bind,-,-,https://www.vlr.gg/626545/gentle-mates-vs-all-gamers-valorant-masters-santiago-2026-lr1
Nongshim RedForce,NS,2,Bo3,B,win,"[['Corrode', 13, 10, 3], ['Split', 14, 4, 8], ['Abyss', 7, 2, 5]]",34,16,16,Valorant Masters Santiago 2026,Playoffs: Upper Semifinals,"['NS Dambi', 'NS Ivy', 'NS Xross', 'NS Francis', 'NS Rb']",Pearl,Haven,Corrode,Split,-,Abyss,Corrode,Split,-,-,https://www.vlr.gg/626541/nongshim-redforce-vs-g2-esports-valorant-masters-santiago-2026-ubsf
G2 Esports,G2,1,Bo3,A,loss,"[['Corrode', 7, 5, 2], ['Split', 12, 4, 8], ['Abyss', 13, 7, 6]]",32,16,16,Valorant Masters Santiago 2026,Playoffs: Upper Semifinals,"['G2 leaf', 'G2 trent', 'G2 valyn', 'G2 jawgemo', 'G2 BABYBAY']",Bind,Breeze,Abyss,Split,-,Abyss,Corrode,Split,-,-,https://www.vlr.gg/626541/nongshim-redforce-vs-g2-esports-valorant-masters-santiago-2026-ubsf
Paper Rex,PRX,0,Bo3,B,loss,"[['Pearl', 12, 7, 5], ['Bind', 11, 7, 4]]",23,14,9,Valorant Masters Santiago 2026,Playoffs: Upper Semifinals,"['PRX something', 'PRX d4v41', 'PRX invy', 'PRX f0rsakeN', 'PRX Jinggg']",Abyss,Corrode,Bind,Split,-,Pearl,Bind,-,-,-,https://www.vlr.gg/626542/paper-rex-vs-nrg-valorant-masters-santiago-2026-ubsf
NRG,NRG,2,Bo3,A,win,"[['Pearl', 14, 7, 5], ['Bind', 13, 8, 5]]",27,15,10,Valorant Masters Santiago 2026,Playoffs: Upper Semifinals,"['NRG skuba', 'NRG mada', 'NRG brawk', 'NRG keiko', 'NRG Ethan']",Haven,Breeze,Pearl,Split,-,Pearl,Bind,-,-,-,https://www.vlr.gg/626542/paper-rex-vs-nrg-valorant-masters-santiago-2026-ubsf
G2 Esports,G2,2,Bo3,B,win,"[['Haven', 13, 11, 2], ['Breeze', 13, 6, 7]]",26,17,9,Valorant Masters Santiago 2026,Playoffs: Lower Round 2,"['G2 jawgemo', 'G2 trent', 'G2 valyn', 'G2 BABYBAY', 'G2 leaf']",Pearl,Split,Breeze,Abyss,-,Haven,Breeze,-,-,-,https://www.vlr.gg/626548/g2-esports-vs-bbl-esports-valorant-masters-santiago-2026-lr2
BBL Esports,BBL,0,Bo3,A,loss,"[['Haven', 5, 4, 1], ['Breeze', 8, 2, 6]]",13,6,7,Valorant Masters Santiago 2026,Playoffs: Lower Round 2,"['BBL Loita', 'BBL Lar0k', 'BBL rock lovers', 'BBL Crewen', 'BBL Rosé']",Bind,Corrode,Haven,Abyss,-,Haven,Breeze,-,-,-,https://www.vlr.gg/626548/g2-esports-vs-bbl-esports-valorant-masters-santiago-2026-lr2
Paper Rex,PRX,2,Bo3,B,win,"[['Corrode', 10, 7, 3], ['Pearl', 13, 6, 7], ['Split', 13, 9, 4]]",36,22,14,Valorant Masters Santiago 2026,Playoffs: Lower Round 2,"['PRX invy', 'PRX something', 'PRX Jinggg', 'PRX d4v41', 'PRX f0rsakeN']",Abyss,Bind,Pearl,Split,-,Corrode,Pearl,Split,-,-,https://www.vlr.gg/626547/paper-rex-vs-all-gamers-valorant-masters-santiago-2026-lr2
All Gamers,AG,1,Bo3,A,loss,"[['Corrode', 13, 9, 4], ['Pearl', 7, 1, 6], ['Split', 4, 1, 3]]",24,11,13,Valorant Masters Santiago 2026,Playoffs: Lower Round 2,"['AG f4ngeer', 'AG Shr1mp', 'AG K1ra', 'AG Au1', 'AG iamgrq']",Haven,Breeze,Corrode,Split,-,Corrode,Pearl,Split,-,-,https://www.vlr.gg/626547/paper-rex-vs-all-gamers-valorant-masters-santiago-2026-lr2
Nongshim RedForce,NS,2,Bo3,A,win,"[['Bind', 9, 5, 4], ['Abyss', 11, 8, 3]]",20,13,7,Valorant Masters Santiago 2026,Playoffs: Upper Final,"['NS Francis', 'NS Rb', 'NS Dambi', 'NS Ivy', 'NS Xross']",Pearl,Breeze,Bind,Haven,-,Bind,Abyss,-,-,-,https://www.vlr.gg/626543/nongshim-redforce-vs-nrg-valorant-masters-santiago-2026-ubf
NRG,NRG,0,Bo3,B,loss,"[['Bind', 13, 6, 7], ['Abyss', 13, 9, 4]]",26,15,11,Valorant Masters Santiago 2026,Playoffs: Upper Final,"['NRG keiko', 'NRG skuba', 'NRG brawk', 'NRG mada', 'NRG Ethan']",Corrode,Split,Abyss,Haven,-,Bind,Abyss,-,-,-,https://www.vlr.gg/626543/nongshim-redforce-vs-nrg-valorant-masters-santiago-2026-ubf
Paper Rex,PRX,2,Bo3,A,win,"[['Haven', 13, 6, 7], ['Breeze', 9, 4, 5], ['Corrode', 4, 2, 2]]",26,12,14,Valorant Masters Santiago 2026,Playoffs: Lower Round 3,"['PRX something', 'PRX Jinggg', 'PRX d4v41', 'PRX f0rsakeN', 'PRX invy']",Abyss,Pearl,Haven,Corrode,-,Haven,Breeze,Corrode,-,-,https://www.vlr.gg/626549/paper-rex-vs-g2-esports-valorant-masters-santiago-2026-lr3
G2 Esports,G2,1,Bo3,B,loss,"[['Haven', 11, 5, 6], ['Breeze', 13, 5, 8], ['Corrode', 13, 3, 10]]",37,13,24,Valorant Masters Santiago 2026,Playoffs: Lower Round 3,"['G2 jawgemo', 'G2 trent', 'G2 valyn', 'G2 leaf', 'G2 BABYBAY']",Split,Bind,Breeze,Corrode,-,Haven,Breeze,Corrode,-,-,https://www.vlr.gg/626549/paper-rex-vs-g2-esports-valorant-masters-santiago-2026-lr3
NRG,NRG,1,Bo5,A,loss,"[['Pearl', 8, 2, 6], ['Split', 13, 7, 6], ['Corrode', 13, 6, 7], ['Breeze', 13, 9, 4]]",47,24,23,Valorant Masters Santiago 2026,Playoffs: Lower Final,"['NRG skuba', 'NRG mada', 'NRG keiko', 'NRG Ethan', 'NRG brawk']",Bind,-,Pearl,Corrode,Haven,Pearl,Split,Corrode,Breeze,-,https://www.vlr.gg/626550/nrg-vs-paper-rex-valorant-masters-santiago-2026-lbf
Paper Rex,PRX,3,Bo5,B,win,"[['Pearl', 13, 6, 7], ['Split', 7, 2, 5], ['Corrode', 6, 5, 1], ['Breeze', 9, 6, 3]]",35,19,16,Valorant Masters Santiago 2026,Playoffs: Lower Final,"['PRX invy', 'PRX d4v41', 'PRX f0rsakeN', 'PRX Jinggg', 'PRX something']",Abyss,-,Split,Breeze,Haven,Pearl,Split,Corrode,Breeze,-,https://www.vlr.gg/626550/nrg-vs-paper-rex-valorant-masters-santiago-2026-lbf
Nongshim RedForce,NS,3,Bo5,A,win,"[['Corrode', 11, 3, 8], ['Split', 4, 3, 1], ['Abyss', 3, 2, 1]]",18,8,10,Valorant Masters Santiago 2026,Playoffs: Grand Final,"['NS Xross', 'NS Ivy', 'NS Francis', 'NS Dambi', 'NS Rb']",Pearl,Breeze,Corrode,Abyss,Bind,Corrode,Split,Abyss,-,-,https://www.vlr.gg/626544/nongshim-redforce-vs-paper-rex-valorant-masters-santiago-2026-gf
Paper Rex,PRX,0,Bo5,B,loss,"[['Corrode', 13, 4, 9], ['Split', 13, 4, 9], ['Abyss', 13, 3, 10]]",39,11,28,Valorant Masters Santiago 2026,Playoffs: Grand Final,"['PRX d4v41', 'PRX Jinggg', 'PRX f0rsakeN', 'PRX invy', 'PRX something']",-,-,Split,Haven,Bind,Corrode,Split,Abyss,-,-,https://www.vlr.gg/626544/nongshim-redforce-vs-paper-rex-valorant-masters-santiago-2026-gf
ENVY,ENVY,2,Bo3,A,win,"[['Abyss', 13, 3, 10], ['Corrode', 10, 5, 5], ['Bind', 9, 5, 4]]",32,13,19,VCT 2026: Americas Kickoff,Main Event: Upper Round 1,"['ENVY Eggsterr', 'ENVY Inspire', 'ENVY Rossy', 'ENVY keznit', 'ENVY P0PPIN']",Haven,Pearl,Abyss,Bind,-,Abyss,Corrode,Bind,-,-,https://www.vlr.gg/596399/envy-vs-evil-geniuses-vct-2026-americas-kickoff-ur1
Evil Geniuses,EG,1,Bo3,B,loss,"[['Abyss', 9, 2, 7], ['Corrode', 13, 6, 7], ['Bind', 13, 6, 7]]",35,14,21,VCT 2026: Americas Kickoff,Main Event: Upper Round 1,"['EG dgzin', 'EG Okeanos', 'EG supamen', 'EG bao', 'EG C0M']",Breeze,Split,Corrode,Bind,-,Abyss,Corrode,Bind,-,-,https://www.vlr.gg/596399/envy-vs-evil-geniuses-vct-2026-americas-kickoff-ur1
LOUD,LOUD,0,Bo3,B,loss,"[['Haven', 7, 5, 2], ['Abyss', 11, 7, 4]]",18,12,6,VCT 2026: Americas Kickoff,Main Event: Upper Round 1,"['LOUD lukxo', 'LOUD Darker', 'LOUD cauanzin', 'LOUD pANcada', 'LOUD Virtyy']",Split,Pearl,Abyss,Bind,-,Haven,Abyss,-,-,-,https://www.vlr.gg/596398/loud-vs-cloud9-vct-2026-americas-kickoff-ur1
Cloud9,C9,2,Bo3,A,win,"[['Haven', 13, 6, 7], ['Abyss', 13, 8, 5]]",26,14,12,VCT 2026: Americas Kickoff,Main Event: Upper Round 1,"['C9 penny', 'C9 OXY', 'C9 Xeppaa', 'C9 v1c', 'C9 Zellsis']",Breeze,Corrode,Haven,Bind,-,Haven,Abyss,-,-,-,https://www.vlr.gg/596398/loud-vs-cloud9-vct-2026-americas-kickoff-ur1
KRÜ Esports,KRÜ,1,Bo3,A,loss,"[['Pearl', 10, 5, 5], ['Breeze', 13, 8, 5], ['Abyss', 13, 5, 8]]",36,18,18,VCT 2026: Americas Kickoff,Main Event: Upper Round 1,"['KRÜ mta', 'KRÜ infiltrator', 'KRÜ NagZ', 'KRÜ benG', 'KRÜ Governor']",Haven,Bind,Pearl,Abyss,-,Pearl,Breeze,Abyss,-,-,https://www.vlr.gg/596400/kr-esports-vs-furia-vct-2026-americas-kickoff-ur1
FURIA,FUR,2,Bo3,B,win,"[['Pearl', 13, 7, 6], ['Breeze', 8, 7, 1], ['Abyss', 5, 4, 1]]",26,18,8,VCT 2026: Americas Kickoff,Main Event: Upper Round 1,"['FUR artzin', 'FUR koalanoob', 'FUR alym', 'FUR eeiu', 'FUR nerve']",Split,Corrode,Breeze,Abyss,-,Pearl,Breeze,Abyss,-,-,https://www.vlr.gg/596400/kr-esports-vs-furia-vct-2026-americas-kickoff-ur1
100 Thieves,100T,2,Bo3,B,win,"[['Bind', 13, 9, 4], ['Pearl', 10, 7, 3], ['Split', 13, 6, 7]]",36,22,14,VCT 2026: Americas Kickoff,Main Event: Upper Round 1,"['100T vora', '100T bang', '100T Asuna', '100T Cryocells', '100T Timotino']",Corrode,Haven,Pearl,Split,-,Bind,Pearl,Split,-,-,https://www.vlr.gg/596401/100-thieves-vs-leviat-n-vct-2026-americas-kickoff-ur1
LEVIATÁN,LEV,1,Bo3,A,loss,"[['Bind', 9, 6, 3], ['Pearl', 13, 8, 5], ['Split', 9, 3, 6]]",31,17,14,VCT 2026: Americas Kickoff,Main Event: Upper Round 1,"['LEV Sato', 'LEV PxS', 'LEV kiNgg', 'LEV spike', 'LEV blowz']",Abyss,Breeze,Bind,Split,-,Bind,Pearl,Split,-,-,https://www.vlr.gg/596401/100-thieves-vs-leviat-n-vct-2026-americas-kickoff-ur1
NRG,NRG,2,Bo3,B,win,"[['Pearl', 13, 10, 3], ['Breeze', 13, 3, 10]]",26,13,13,VCT 2026: Americas Kickoff,Main Event: Upper Round 2,"['NRG keiko', 'NRG brawk', 'NRG mada', 'NRG skuba', 'NRG Ethan']",Haven,Split,Breeze,Bind,-,Pearl,Breeze,-,-,-,https://www.vlr.gg/596402/nrg-vs-cloud9-vct-2026-americas-kickoff-ur2
Cloud9,C9,0,Bo3,A,loss,"[['Pearl', 2, 0, 2], ['Breeze', 9, 2, 7]]",11,2,9,VCT 2026: Americas Kickoff,Main Event: Upper Round 2,"['C9 Xeppaa', 'C9 v1c', 'C9 penny', 'C9 OXY', 'C9 Zellsis']",Corrode,Abyss,Pearl,Bind,-,Pearl,Breeze,-,-,-,https://www.vlr.gg/596402/nrg-vs-cloud9-vct-2026-americas-kickoff-ur2
MIBR,MIBR,2,Bo3,B,win,"[['Abyss', 13, 4, 9], ['Corrode', 13, 10, 3]]",26,14,12,VCT 2026: Americas Kickoff,Main Event: Upper Round 2,"['MIBR aspas', 'MIBR Verno', 'MIBR Mazino', 'MIBR tex', 'MIBR zekken']",Split,Pearl,Corrode,Bind,-,Abyss,Corrode,-,-,-,https://www.vlr.gg/596403/mibr-vs-envy-vct-2026-americas-kickoff-ur2
ENVY,ENVY,0,Bo3,A,loss,"[['Abyss', 7, 3, 4], ['Corrode', 11, 9, 2]]",18,12,6,VCT 2026: Americas Kickoff,Main Event: Upper Round 2,"['ENVY Rossy', 'ENVY Inspire', 'ENVY keznit', 'ENVY P0PPIN', 'ENVY Eggsterr']",Haven,Breeze,Abyss,Bind,-,Abyss,Corrode,-,-,-,https://www.vlr.gg/596403/mibr-vs-envy-vct-2026-americas-kickoff-ur2
Sentinels,SEN,0,Bo3,A,loss,"[['Split', 13, 4, 9], ['Breeze', 13, 7, 6]]",26,11,15,VCT 2026: Americas Kickoff,Main Event: Upper Round 2,"['SEN johnqt', 'SEN Kyu', 'SEN cortezia', 'SEN N4RRATE', 'SEN Reduxx']",Haven,Bind,Split,Abyss,-,Split,Breeze,-,-,-,https://www.vlr.gg/596404/sentinels-vs-furia-vct-2026-americas-kickoff-ur2
FURIA,FUR,2,Bo3,B,win,"[['Split', 5, 3, 2], ['Breeze', 11, 6, 5]]",16,9,7,VCT 2026: Americas Kickoff,Main Event: Upper Round 2,"['FUR koalanoob', 'FUR artzin', 'FUR eeiu', 'FUR nerve', 'FUR alym']",Pearl,Corrode,Breeze,Abyss,-,Split,Breeze,-,-,-,https://www.vlr.gg/596404/sentinels-vs-furia-vct-2026-americas-kickoff-ur2
G2 Esports,G2,2,Bo3,B,win,"[['Bind', 13, 8, 5], ['Corrode', 3, 1, 2], ['Split', 13, 10, 3]]",29,19,10,VCT 2026: Americas Kickoff,Main Event: Upper Round 2,"['G2 leaf', 'G2 BABYBAY', 'G2 trent', 'G2 valyn', 'G2 jawgemo']",Breeze,Pearl,Corrode,Split,-,Bind,Corrode,Split,-,-,https://www.vlr.gg/596405/g2-esports-vs-100-thieves-vct-2026-americas-kickoff-ur2
100 Thieves,100T,1,Bo3,A,loss,"[['Bind', 11, 7, 4], ['Corrode', 13, 2, 11], ['Split', 8, 6, 2]]",32,15,17,VCT 2026: Americas Kickoff,Main Event: Upper Round 2,"['100T Cryocells', '100T bang', '100T Asuna', '100T vora', '100T Timotino']",Abyss,Haven,Bind,Split,-,Bind,Corrode,Split,-,-,https://www.vlr.gg/596405/g2-esports-vs-100-thieves-vct-2026-americas-kickoff-ur2
LOUD,LOUD,1,Bo3,A,loss,"[['Breeze', 11, 5, 6], ['Bind', 13, 4, 9], ['Pearl', 13, 3, 10]]",37,12,25,VCT 2026: Americas Kickoff,Main Event: Middle Round 1,"['LOUD lukxo', 'LOUD pANcada', 'LOUD Virtyy', 'LOUD cauanzin', 'LOUD Darker']",Split,Corrode,Breeze,Bind,-,Breeze,Pearl,Bind,-,-,https://www.vlr.gg/596409/loud-vs-100-thieves-vct-2026-americas-kickoff-mr1
100 Thieves,100T,2,Bo3,B,win,"[['Breeze', 13, 6, 7], ['Bind', 6, 3, 3], ['Pearl', 2, 2, 0]]",21,11,10,VCT 2026: Americas Kickoff,Main Event: Middle Round 1,"['100T bang', '100T Cryocells', '100T Timotino', '100T Asuna', '100T vora']",Abyss,Haven,Pearl,Bind,-,Breeze,Pearl,Bind,-,-,https://www.vlr.gg/596409/loud-vs-100-thieves-vct-2026-americas-kickoff-mr1
Evil Geniuses,EG,0,Bo3,A,loss,"[['Abyss', 13, 9, 4], ['Pearl', 13, 5, 8]]",26,14,12,VCT 2026: Americas Kickoff,Main Event: Middle Round 1,"['EG bao', 'EG dgzin', 'EG C0M', 'EG Okeanos', 'EG supamen']",Breeze,Split,Abyss,Corrode,-,Abyss,Pearl,-,-,-,https://www.vlr.gg/596410/evil-geniuses-vs-sentinels-vct-2026-americas-kickoff-mr1
Sentinels,SEN,2,Bo3,B,win,"[['Abyss', 8, 5, 3], ['Pearl', 11, 4, 7]]",19,9,10,VCT 2026: Americas Kickoff,Main Event: Middle Round 1,"['SEN johnqt', 'SEN Reduxx', 'SEN Kyu', 'SEN cortezia', 'SEN N4RRATE']",Haven,Bind,Pearl,Corrode,-,Abyss,Pearl,-,-,-,https://www.vlr.gg/596410/evil-geniuses-vs-sentinels-vct-2026-americas-kickoff-mr1
KRÜ Esports,KRÜ,1,Bo3,B,loss,"[['Abyss', 13, 8, 5], ['Pearl', 5, 1, 4], ['Breeze', 9, 2, 7]]",27,11,16,VCT 2026: Americas Kickoff,Main Event: Middle Round 1,"['KRÜ mta', 'KRÜ benG', 'KRÜ NagZ', 'KRÜ infiltrator', 'KRÜ Governor']",Corrode,Bind,Pearl,Breeze,-,Abyss,Pearl,Breeze,-,-,https://www.vlr.gg/596411/kr-esports-vs-envy-vct-2026-americas-kickoff-mr1
ENVY,ENVY,2,Bo3,A,win,"[['Abyss', 9, 5, 4], ['Pearl', 13, 2, 11], ['Breeze', 13, 5, 8]]",35,12,23,VCT 2026: Americas Kickoff,Main Event: Middle Round 1,"['ENVY Inspire', 'ENVY Rossy', 'ENVY keznit', 'ENVY P0PPIN', 'ENVY Eggsterr']",Haven,Split,Abyss,Breeze,-,Abyss,Pearl,Breeze,-,-,https://www.vlr.gg/596411/kr-esports-vs-envy-vct-2026-americas-kickoff-mr1
LEVIATÁN,LEV,0,Bo3,A,loss,"[['Pearl', 13, 3, 10], ['Split', 13, 7, 6]]",26,10,16,VCT 2026: Americas Kickoff,Main Event: Middle Round 1,"['LEV blowz', 'LEV PxS', 'LEV Sato', 'LEV kiNgg', 'LEV spike']",Abyss,Breeze,Pearl,Haven,-,Pearl,Split,-,-,-,https://www.vlr.gg/596412/leviat-n-vs-cloud9-vct-2026-americas-kickoff-mr1
Cloud9,C9,2,Bo3,B,win,"[['Pearl', 3, 2, 1], ['Split', 8, 3, 5]]",11,5,6,VCT 2026: Americas Kickoff,Main Event: Middle Round 1,"['C9 Xeppaa', 'C9 Demon1', 'C9 Zellsis', 'C9 penny', 'C9 v1c']",Corrode,Bind,Split,Haven,-,Pearl,Split,-,-,-,https://www.vlr.gg/596412/leviat-n-vs-cloud9-vct-2026-americas-kickoff-mr1
100 Thieves,100T,2,Bo3,A,win,"[['Corrode', 11, 4, 7], ['Split', 14, 8, 4]]",25,12,11,VCT 2026: Americas Kickoff,Main Event: Middle Round 2,"['100T Timotino', '100T bang', '100T Cryocells', '100T vora', '100T Asuna']",Abyss,Breeze,Corrode,Pearl,-,Corrode,Split,-,-,-,https://www.vlr.gg/596413/100-thieves-vs-sentinels-vct-2026-americas-kickoff-mr2
Sentinels,SEN,0,Bo3,B,loss,"[['Corrode', 13, 5, 8], ['Split', 16, 8, 4]]",29,13,12,VCT 2026: Americas Kickoff,Main Event: Middle Round 2,"['SEN johnqt', 'SEN Reduxx', 'SEN cortezia', 'SEN Kyu', 'SEN N4RRATE']",Haven,Bind,Split,Pearl,-,Corrode,Split,-,-,-,https://www.vlr.gg/596413/100-thieves-vs-sentinels-vct-2026-americas-kickoff-mr2
ENVY,ENVY,1,Bo3,B,loss,"[['Pearl', 18, 5, 7], ['Breeze', 13, 7, 6], ['Split', 11, 7, 4]]",42,19,17,VCT 2026: Americas Kickoff,Main Event: Middle Round 2,"['ENVY keznit', 'ENVY Inspire', 'ENVY Rossy', 'ENVY P0PPIN', 'ENVY Eggsterr']",Haven,Abyss,Breeze,Split,-,Pearl,Breeze,Split,-,-,https://www.vlr.gg/596414/envy-vs-cloud9-vct-2026-americas-kickoff-mr2
Cloud9,C9,2,Bo3,A,win,"[['Pearl', 20, 5, 7], ['Breeze', 8, 3, 5], ['Split', 13, 8, 5]]",41,16,17,VCT 2026: Americas Kickoff,Main Event: Middle Round 2,"['C9 Demon1', 'C9 penny', 'C9 Xeppaa', 'C9 v1c', 'C9 Zellsis']",Corrode,Bind,Pearl,Split,-,Pearl,Breeze,Split,-,-,https://www.vlr.gg/596414/envy-vs-cloud9-vct-2026-americas-kickoff-mr2
NRG,NRG,1,Bo3,B,loss,"[['Abyss', 13, 11, 2], ['Split', 11, 4, 7], ['Breeze', 8, 5, 3]]",32,20,12,VCT 2026: Americas Kickoff,Main Event: Upper Round 3,"['NRG mada', 'NRG brawk', 'NRG skuba', 'NRG Ethan', 'NRG keiko']",Haven,Bind,Split,Breeze,-,Abyss,Split,Breeze,-,-,https://www.vlr.gg/596406/nrg-vs-mibr-vct-2026-americas-kickoff-ur3
MIBR,MIBR,2,Bo3,A,win,"[['Abyss', 6, 5, 1], ['Split', 13, 5, 8], ['Breeze', 13, 9, 4]]",32,19,13,VCT 2026: Americas Kickoff,Main Event: Upper Round 3,"['MIBR zekken', 'MIBR Verno', 'MIBR Mazino', 'MIBR aspas', 'MIBR tex']",Pearl,Corrode,Abyss,Breeze,-,Abyss,Split,Breeze,-,-,https://www.vlr.gg/596406/nrg-vs-mibr-vct-2026-americas-kickoff-ur3
FURIA,FUR,2,Bo3,A,win,"[['Abyss', 7, 4, 3], ['Bind', 13, 7, 6], ['Split', 3, 0, 3]]",23,11,12,VCT 2026: Americas Kickoff,Main Event: Upper Round 3,"['FUR eeiu', 'FUR alym', 'FUR nerve', 'FUR koalanoob', 'FUR artzin']",Pearl,Haven,Abyss,Split,-,Abyss,Bind,Split,-,-,https://www.vlr.gg/596407/furia-vs-g2-esports-vct-2026-americas-kickoff-ur3
G2 Esports,G2,1,Bo3,B,loss,"[['Abyss', 13, 5, 8], ['Bind', 6, 1, 5], ['Split', 13, 9, 4]]",32,15,17,VCT 2026: Americas Kickoff,Main Event: Upper Round 3,"['G2 trent', 'G2 valyn', 'G2 BABYBAY', 'G2 leaf', 'G2 jawgemo']",Breeze,Corrode,Bind,Split,-,Abyss,Bind,Split,-,-,https://www.vlr.gg/596407/furia-vs-g2-esports-vct-2026-americas-kickoff-ur3
LOUD,LOUD,0,Bo3,B,loss,"[['Haven', 5, 3, 2], ['Abyss', 12, 5, 7]]",17,8,9,VCT 2026: Americas Kickoff,Main Event: Lower Round 1,"['LOUD lukxo', 'LOUD Darker', 'LOUD pANcada', 'LOUD cauanzin', 'LOUD Virtyy']",Split,Pearl,Abyss,Corrode,-,Haven,Abyss,-,-,-,https://www.vlr.gg/596419/loud-vs-evil-geniuses-vct-2026-americas-kickoff-lr1
Evil Geniuses,EG,2,Bo3,A,win,"[['Haven', 13, 4, 9], ['Abyss', 14, 5, 7]]",27,9,16,VCT 2026: Americas Kickoff,Main Event: Lower Round 1,"['EG supamen', 'EG dgzin', 'EG C0M', 'EG Okeanos', 'EG bao']",Breeze,Bind,Haven,Corrode,-,Haven,Abyss,-,-,-,https://www.vlr.gg/596419/loud-vs-evil-geniuses-vct-2026-americas-kickoff-lr1
KRÜ Esports,KRÜ,0,Bo3,B,loss,"[['Bind', 4, 3, 1], ['Split', 10, 5, 5]]",14,8,6,VCT 2026: Americas Kickoff,Main Event: Lower Round 1,"['KRÜ NagZ', 'KRÜ mta', 'KRÜ Governor', 'KRÜ benG', 'KRÜ infiltrator']",Corrode,Haven,Split,Abyss,-,Bind,Split,-,-,-,https://www.vlr.gg/596420/kr-esports-vs-leviat-n-vct-2026-americas-kickoff-lr1
LEVIATÁN,LEV,2,Bo3,A,win,"[['Bind', 13, 4, 9], ['Split', 13, 6, 7]]",26,10,16,VCT 2026: Americas Kickoff,Main Event: Lower Round 1,"['LEV Neon', 'LEV spike', 'LEV kiNgg', 'LEV blowz', 'LEV Sato']",Breeze,Pearl,Bind,Abyss,-,Bind,Split,-,-,-,https://www.vlr.gg/596420/kr-esports-vs-leviat-n-vct-2026-americas-kickoff-lr1
NRG,NRG,2,Bo3,B,win,"[['Haven', 13, 7, 6], ['Corrode', 13, 6, 7]]",26,13,13,VCT 2026: Americas Kickoff,Main Event: Middle Round 3,"['NRG brawk', 'NRG skuba', 'NRG mada', 'NRG keiko', 'NRG Ethan']",Bind,Breeze,Corrode,Split,-,Haven,Corrode,-,-,-,https://www.vlr.gg/596415/nrg-vs-100-thieves-vct-2026-americas-kickoff-mr3
100 Thieves,100T,0,Bo3,A,loss,"[['Haven', 9, 4, 5], ['Corrode', 11, 5, 6]]",20,9,11,VCT 2026: Americas Kickoff,Main Event: Middle Round 3,"['100T bang', '100T Cryocells', '100T Asuna', '100T Timotino', '100T vora']",Abyss,Pearl,Haven,Split,-,Haven,Corrode,-,-,-,https://www.vlr.gg/596415/nrg-vs-100-thieves-vct-2026-americas-kickoff-mr3
G2 Esports,G2,2,Bo3,B,win,"[['Corrode', 13, 8, 5], ['Bind', 13, 6, 7]]",26,14,12,VCT 2026: Americas Kickoff,Main Event: Middle Round 3,"['G2 leaf', 'G2 BABYBAY', 'G2 valyn', 'G2 trent', 'G2 jawgemo']",Abyss,Breeze,Bind,Split,-,Corrode,Bind,-,-,-,https://www.vlr.gg/596416/g2-esports-vs-cloud9-vct-2026-americas-kickoff-mr3
Cloud9,C9,0,Bo3,A,loss,"[['Corrode', 11, 7, 4], ['Bind', 9, 3, 6]]",20,10,10,VCT 2026: Americas Kickoff,Main Event: Middle Round 3,"['C9 penny', 'C9 v1c', 'C9 OXY', 'C9 Zellsis', 'C9 Xeppaa']",Pearl,Haven,Corrode,Split,-,Corrode,Bind,-,-,-,https://www.vlr.gg/596416/g2-esports-vs-cloud9-vct-2026-americas-kickoff-mr3
ENVY,ENVY,0,Bo3,B,loss,"[['Pearl', 14, 4, 8], ['Corrode', 5, 4, 1]]",19,8,9,VCT 2026: Americas Kickoff,Main Event: Lower Round 2,"['ENVY Demon1', 'ENVY Eggsterr', 'ENVY Rossy', 'ENVY keznit', 'ENVY P0PPIN']",Haven,Split,Corrode,Bind,-,Pearl,Corrode,-,-,-,https://www.vlr.gg/596421/envy-vs-evil-geniuses-vct-2026-americas-kickoff-lr2
Evil Geniuses,EG,2,Bo3,A,win,"[['Pearl', 16, 4, 8], ['Corrode', 13, 5, 8]]",29,9,16,VCT 2026: Americas Kickoff,Main Event: Lower Round 2,"['EG dgzin', 'EG supamen', 'EG bao', 'EG C0M', 'EG Okeanos']",Breeze,Abyss,Pearl,Bind,-,Pearl,Corrode,-,-,-,https://www.vlr.gg/596421/envy-vs-evil-geniuses-vct-2026-americas-kickoff-lr2
Sentinels,SEN,0,Bo3,A,loss,"[['Corrode', 13, 6, 7], ['Bind', 14, 4, 8]]",27,10,15,VCT 2026: Americas Kickoff,Main Event: Lower Round 2,"['SEN N4RRATE', 'SEN Reduxx', 'SEN Kyu', 'SEN cortezia', 'SEN johnqt']",Haven,Split,Corrode,Abyss,-,Corrode,Bind,-,-,-,https://www.vlr.gg/596422/sentinels-vs-leviat-n-vct-2026-americas-kickoff-lr2
LEVIATÁN,LEV,2,Bo3,B,win,"[['Corrode', 10, 5, 5], ['Bind', 12, 4, 8]]",22,9,13,VCT 2026: Americas Kickoff,Main Event: Lower Round 2,"['LEV Sato', 'LEV kiNgg', 'LEV blowz', 'LEV Neon', 'LEV spike']",Split,Breeze,Bind,Abyss,-,Corrode,Bind,-,-,-,https://www.vlr.gg/596422/sentinels-vs-leviat-n-vct-2026-americas-kickoff-lr2
100 Thieves,100T,2,Bo3,B,win,"[['Haven', 13, 10, 3], ['Bind', 15, 5, 7]]",28,15,10,VCT 2026: Americas Kickoff,Main Event: Lower Round 3,"['100T Cryocells', '100T vora', '100T Asuna', '100T Timotino', '100T bang']",Abyss,Corrode,Bind,Split,-,Haven,Bind,-,-,-,https://www.vlr.gg/596423/100-thieves-vs-evil-geniuses-vct-2026-americas-kickoff-lr3
Evil Geniuses,EG,0,Bo3,A,loss,"[['Haven', 11, 9, 2], ['Bind', 13, 5, 7]]",24,14,9,VCT 2026: Americas Kickoff,Main Event: Lower Round 3,"['EG dgzin', 'EG Okeanos', 'EG supamen', 'EG C0M', 'EG bao']",Breeze,Pearl,Haven,Split,-,Haven,Bind,-,-,-,https://www.vlr.gg/596423/100-thieves-vs-evil-geniuses-vct-2026-americas-kickoff-lr3
Cloud9,C9,2,Bo3,B,win,"[['Bind', 13, 4, 9], ['Breeze', 13, 6, 7]]",26,10,16,VCT 2026: Americas Kickoff,Main Event: Lower Round 3,"['C9 v1c', 'C9 OXY', 'C9 Zellsis', 'C9 penny', 'C9 Xeppaa']",Corrode,Haven,Breeze,Abyss,-,Bind,Breeze,-,-,-,https://www.vlr.gg/596424/cloud9-vs-leviat-n-vct-2026-americas-kickoff-lr3
LEVIATÁN,LEV,0,Bo3,A,loss,"[['Bind', 5, 3, 2], ['Breeze', 7, 5, 2]]",12,8,4,VCT 2026: Americas Kickoff,Main Event: Lower Round 3,"['LEV kiNgg', 'LEV Neon', 'LEV blowz', 'LEV spike', 'LEV Sato']",Pearl,Split,Bind,Abyss,-,Bind,Breeze,-,-,-,https://www.vlr.gg/596424/cloud9-vs-leviat-n-vct-2026-americas-kickoff-lr3
NRG,NRG,0,Bo3,A,loss,"[['Pearl', 13, 3, 10], ['Split', 13, 6, 7]]",26,9,17,VCT 2026: Americas Kickoff,Main Event: Middle Round 4,"['NRG keiko', 'NRG skuba', 'NRG mada', 'NRG Ethan', 'NRG brawk']",Bind,Breeze,Pearl,Haven,-,Pearl,Split,-,-,-,https://www.vlr.gg/596417/nrg-vs-g2-esports-vct-2026-americas-kickoff-mr4
G2 Esports,G2,2,Bo3,B,win,"[['Pearl', 3, 2, 1], ['Split', 8, 5, 3]]",11,7,4,VCT 2026: Americas Kickoff,Main Event: Middle Round 4,"['G2 valyn', 'G2 jawgemo', 'G2 BABYBAY', 'G2 trent', 'G2 leaf']",Abyss,Corrode,Split,Haven,-,Pearl,Split,-,-,-,https://www.vlr.gg/596417/nrg-vs-g2-esports-vct-2026-americas-kickoff-mr4
100 Thieves,100T,2,Bo3,B,win,"[['Pearl', 14, 6, 6], ['Split', 11, 6, 5], ['Abyss', 13, 10, 3]]",38,22,14,VCT 2026: Americas Kickoff,Main Event: Lower Round 4,"['100T bang', '100T vora', '100T Asuna', '100T Timotino', '100T Cryocells']",Haven,Breeze,Split,Abyss,-,Pearl,Split,Abyss,-,-,https://www.vlr.gg/596425/100-thieves-vs-cloud9-vct-2026-americas-kickoff-lr4
Cloud9,C9,1,Bo3,A,loss,"[['Pearl', 12, 6, 6], ['Split', 13, 7, 6], ['Abyss', 2, 0, 2]]",27,13,14,VCT 2026: Americas Kickoff,Main Event: Lower Round 4,"['C9 OXY', 'C9 v1c', 'C9 Xeppaa', 'C9 Zellsis', 'C9 penny']",Bind,Corrode,Pearl,Abyss,-,Pearl,Split,Abyss,-,-,https://www.vlr.gg/596425/100-thieves-vs-cloud9-vct-2026-americas-kickoff-lr4
MIBR,MIBR,2,Bo5,A,loss,"[['Bind', 8, 7, 1], ['Abyss', 13, 10, 3], ['Haven', 13, 6, 7], ['Breeze', 2, 0, 2], ['Split', 13, 7, 6]]",49,30,19,VCT 2026: Americas Kickoff,Main Event: Upper Final,"['MIBR Mazino', 'MIBR zekken', 'MIBR aspas', 'MIBR tex', 'MIBR Verno']",Pearl,-,Bind,Haven,Split,Bind,Abyss,Haven,Breeze,Split,https://www.vlr.gg/596408/mibr-vs-furia-vct-2026-americas-kickoff-ubf
FURIA,FUR,3,Bo5,B,win,"[['Bind', 13, 8, 5], ['Abyss', 8, 6, 2], ['Haven', 11, 5, 6], ['Breeze', 13, 1, 12], ['Split', 8, 6, 2]]",53,26,27,VCT 2026: Americas Kickoff,Main Event: Upper Final,"['FUR koalanoob', 'FUR eeiu', 'FUR artzin', 'FUR nerve', 'FUR alym']",Corrode,-,Abyss,Breeze,Split,Bind,Abyss,Haven,Breeze,Split,https://www.vlr.gg/596408/mibr-vs-furia-vct-2026-americas-kickoff-ubf
NRG,NRG,2,Bo3,B,win,"[['Pearl', 13, 9, 4], ['Abyss', 13, 6, 7]]",26,15,11,VCT 2026: Americas Kickoff,Main Event: Lower Round 5,"['NRG skuba', 'NRG keiko', 'NRG brawk', 'NRG mada', 'NRG Ethan']",Bind,Breeze,Abyss,Split,-,Pearl,Abyss,-,-,-,https://www.vlr.gg/596426/nrg-vs-100-thieves-vct-2026-americas-kickoff-lr5
100 Thieves,100T,0,Bo3,A,loss,"[['Pearl', 3, 0, 3], ['Abyss', 8, 5, 3]]",11,5,6,VCT 2026: Americas Kickoff,Main Event: Lower Round 5,"['100T vora', '100T Cryocells', '100T Asuna', '100T bang', '100T Timotino']",Haven,Corrode,Pearl,Split,-,Pearl,Abyss,-,-,-,https://www.vlr.gg/596426/nrg-vs-100-thieves-vct-2026-americas-kickoff-lr5
MIBR,MIBR,0,Bo5,A,loss,"[['Breeze', 13, 6, 7], ['Haven', 13, 8, 5], ['Corrode', 13, 9, 4]]",39,23,16,VCT 2026: Americas Kickoff,Main Event: Middle Final,"['MIBR zekken', 'MIBR Verno', 'MIBR Mazino', 'MIBR aspas', 'MIBR tex']",Pearl,-,Breeze,Corrode,Bind,Breeze,Haven,Corrode,-,-,https://www.vlr.gg/596418/mibr-vs-g2-esports-vct-2026-americas-kickoff-mbf
G2 Esports,G2,3,Bo5,B,win,"[['Breeze', 6, 5, 1], ['Haven', 4, 0, 4], ['Corrode', 7, 4, 3]]",17,9,8,VCT 2026: Americas Kickoff,Main Event: Middle Final,"['G2 valyn', 'G2 BABYBAY', 'G2 trent', 'G2 leaf', 'G2 jawgemo']",Abyss,-,Haven,Split,Bind,Breeze,Haven,Corrode,-,-,https://www.vlr.gg/596418/mibr-vs-g2-esports-vct-2026-americas-kickoff-mbf
MIBR,MIBR,2,Bo5,A,loss,"[['Bind', 9, 6, 3], ['Corrode', 5, 1, 4], ['Split', 13, 10, 3], ['Abyss', 13, 4, 9], ['Haven', 13, 2, 11]]",53,23,30,VCT 2026: Americas Kickoff,Main Event: Lower Final,"['MIBR aspas', 'MIBR Verno', 'MIBR tex', 'MIBR zekken', 'MIBR Mazino']",Pearl,-,Bind,Split,Haven,Bind,Corrode,Split,Abyss,Haven,https://www.vlr.gg/596427/mibr-vs-nrg-vct-2026-americas-kickoff-lbf
NRG,NRG,3,Bo5,B,win,"[['Bind', 13, 7, 6], ['Corrode', 13, 8, 5], ['Split', 10, 9, 1], ['Abyss', 4, 3, 1], ['Haven', 5, 1, 4]]",45,28,17,VCT 2026: Americas Kickoff,Main Event: Lower Final,"['NRG brawk', 'NRG mada', 'NRG skuba', 'NRG keiko', 'NRG Ethan']",Breeze,-,Corrode,Abyss,Haven,Bind,Corrode,Split,Abyss,Haven,https://www.vlr.gg/596427/mibr-vs-nrg-vct-2026-americas-kickoff-lbf
Natus Vincere,NAVI,2,Bo3,A,win,"[['Split', 11, 5, 6], ['Haven', 7, 2, 5]]",18,7,11,VCT 2026: EMEA Kickoff,Main Event: Upper Round 1,"['NAVI Ruxic', 'NAVI hiro', 'NAVI Filu', 'NAVI sociablEE', 'NAVI Shao']",Corrode,Abyss,Split,Bind,-,Split,Haven,-,-,-,https://www.vlr.gg/594740/natus-vincere-vs-karmine-corp-vct-2026-emea-kickoff-ur1
Karmine Corp,KC,0,Bo3,B,loss,"[['Split', 13, 6, 7], ['Haven', 13, 3, 10]]",26,9,17,VCT 2026: EMEA Kickoff,Main Event: Upper Round 1,"['KC SUYGETSU', 'KC Avez', 'KC dos9', 'KC LewN', 'KC sheydos']",Pearl,Breeze,Haven,Bind,-,Split,Haven,-,-,-,https://www.vlr.gg/594740/natus-vincere-vs-karmine-corp-vct-2026-emea-kickoff-ur1
FUT Esports,FUT,0,Bo3,A,loss,"[['Abyss', 13, 7, 6], ['Split', 13, 5, 8]]",26,12,14,VCT 2026: EMEA Kickoff,Main Event: Upper Round 1,"['FUT xeus', 'FUT yetujey', 'FUT KROSTALY', 'FUT MrFaliN', 'FUT baha']",Haven,Pearl,Abyss,Corrode,-,Abyss,Split,-,-,-,https://www.vlr.gg/594741/fut-esports-vs-gentle-mates-vct-2026-emea-kickoff-ur1
Gentle Mates,M8,2,Bo3,B,win,"[['Abyss', 8, 3, 5], ['Split', 6, 4, 2]]",14,7,7,VCT 2026: EMEA Kickoff,Main Event: Upper Round 1,"['M8 starxo', 'M8 Minny', 'M8 marteen', 'M8 bipo', 'M8 GLYPH']",Breeze,Bind,Split,Corrode,-,Abyss,Split,-,-,-,https://www.vlr.gg/594741/fut-esports-vs-gentle-mates-vct-2026-emea-kickoff-ur1
PCIFIC Esports,PCF,1,Bo3,B,loss,"[['Breeze', 10, 7, 3], ['Abyss', 13, 7, 6], ['Pearl', 4, 2, 2]]",27,16,11,VCT 2026: EMEA Kickoff,Main Event: Upper Round 1,"['PCF seven', 'PCF al0rante', 'PCF qpert', 'PCF NINJA', 'PCF cNed']",Haven,Split,Abyss,Pearl,-,Breeze,Abyss,Pearl,-,-,https://www.vlr.gg/594742/pcific-esports-vs-bbl-esports-vct-2026-emea-kickoff-ur1
BBL Esports,BBL,2,Bo3,A,win,"[['Breeze', 13, 9, 4], ['Abyss', 7, 2, 5], ['Pearl', 13, 3, 10]]",33,14,19,VCT 2026: EMEA Kickoff,Main Event: Upper Round 1,"['BBL Loita', 'BBL rock lovers', 'BBL Rosé', 'BBL Lar0k', 'BBL Crewen']",Corrode,Bind,Breeze,Pearl,-,Breeze,Abyss,Pearl,-,-,https://www.vlr.gg/594742/pcific-esports-vs-bbl-esports-vct-2026-emea-kickoff-ur1
ULF Esports,ULF,0,Bo3,B,loss,"[['Breeze', 3, 2, 1], ['Corrode', 1, 1, 0]]",4,3,1,VCT 2026: EMEA Kickoff,Main Event: Upper Round 1,"['ULF audaz', 'ULF Favian', 'ULF nekky', 'ULF sturNN', 'ULF d3mur']",Bind,Pearl,Corrode,Abyss,-,Breeze,Corrode,-,-,-,https://www.vlr.gg/594743/ulf-esports-vs-team-vitality-vct-2026-emea-kickoff-ur1
Team Vitality,VIT,2,Bo3,A,win,"[['Breeze', 13, 3, 10], ['Corrode', 13, 2, 11]]",26,5,21,VCT 2026: EMEA Kickoff,Main Event: Upper Round 1,"['VIT Derke', 'VIT Chronicle', 'VIT PROFEK', 'VIT Jamppi', 'VIT UNFAKE']",Split,Haven,Breeze,Abyss,-,Breeze,Corrode,-,-,-,https://www.vlr.gg/594743/ulf-esports-vs-team-vitality-vct-2026-emea-kickoff-ur1
Team Heretics,TH,1,Bo3,B,loss,"[['Bind', 10, 4, 6], ['Haven', 13, 9, 4], ['Split', 6, 3, 3]]",29,16,13,VCT 2026: EMEA Kickoff,Main Event: Upper Round 2,"['TH RieNs', 'TH Wo0t', 'TH Boo', 'TH benjyfishy', 'TH ComeBack']",Abyss,Pearl,Haven,Split,-,Bind,Haven,Split,-,-,https://www.vlr.gg/594744/team-heretics-vs-natus-vincere-vct-2026-emea-kickoff-ur2
Natus Vincere,NAVI,2,Bo3,A,win,"[['Bind', 13, 5, 8], ['Haven', 11, 8, 3], ['Split', 13, 4, 9]]",37,17,20,VCT 2026: EMEA Kickoff,Main Event: Upper Round 2,"['NAVI hiro', 'NAVI Ruxic', 'NAVI sociablEE', 'NAVI Filu', 'NAVI Shao']",Corrode,Breeze,Bind,Split,-,Bind,Haven,Split,-,-,https://www.vlr.gg/594744/team-heretics-vs-natus-vincere-vct-2026-emea-kickoff-ur2
GIANTX,GX,0,Bo3,B,loss,"[['Pearl', 10, 5, 5], ['Bind', 10, 10, 0]]",20,15,5,VCT 2026: EMEA Kickoff,Main Event: Upper Round 2,"['GX Flickless', 'GX grubinho', 'GX westside', 'GX Cloud', 'GX ara']",Corrode,Abyss,Bind,Split,-,Pearl,Bind,-,-,-,https://www.vlr.gg/594745/giantx-vs-gentle-mates-vct-2026-emea-kickoff-ur2
Gentle Mates,M8,2,Bo3,A,win,"[['Pearl', 13, 7, 6], ['Bind', 13, 11, 2]]",26,18,8,VCT 2026: EMEA Kickoff,Main Event: Upper Round 2,"['M8 Minny', 'M8 starxo', 'M8 GLYPH', 'M8 marteen', 'M8 bipo']",Breeze,Haven,Pearl,Split,-,Pearl,Bind,-,-,-,https://www.vlr.gg/594745/giantx-vs-gentle-mates-vct-2026-emea-kickoff-ur2
FNATIC,FNC,0,Bo3,B,loss,"[['Breeze', 11, 2, 9], ['Haven', 4, 4, 0]]",15,6,9,VCT 2026: EMEA Kickoff,Main Event: Upper Round 2,"['FNC crashies', 'FNC Veqaj', 'FNC kaajak', 'FNC Boaster', 'FNC Alfajer']",Pearl,Split,Haven,Abyss,-,Breeze,Haven,-,-,-,https://www.vlr.gg/594746/fnatic-vs-bbl-esports-vct-2026-emea-kickoff-ur2
BBL Esports,BBL,2,Bo3,A,win,"[['Breeze', 13, 3, 10], ['Haven', 13, 5, 8]]",26,8,18,VCT 2026: EMEA Kickoff,Main Event: Upper Round 2,"['BBL Lar0k', 'BBL Crewen', 'BBL Loita', 'BBL rock lovers', 'BBL Rosé']",Bind,Corrode,Breeze,Abyss,-,Breeze,Haven,-,-,-,https://www.vlr.gg/594746/fnatic-vs-bbl-esports-vct-2026-emea-kickoff-ur2
Team Liquid,TL,1,Bo3,B,loss,"[['Breeze', 11, 6, 5], ['Pearl', 14, 8, 4], ['Corrode', 9, 4, 5]]",34,18,14,VCT 2026: EMEA Kickoff,Main Event: Upper Round 2,"['TL Kicks', 'TL kamo', 'TL MiniBoo', 'TL nAts', 'TL purp0']",Haven,Abyss,Pearl,Corrode,-,Breeze,Pearl,Corrode,-,-,https://www.vlr.gg/594747/team-liquid-vs-team-vitality-vct-2026-emea-kickoff-ur2
Team Vitality,VIT,2,Bo3,A,win,"[['Breeze', 13, 7, 6], ['Pearl', 12, 8, 4], ['Corrode', 13, 5, 8]]",38,20,18,VCT 2026: EMEA Kickoff,Main Event: Upper Round 2,"['VIT Derke', 'VIT UNFAKE', 'VIT Chronicle', 'VIT PROFEK', 'VIT Jamppi']",Split,Bind,Breeze,Corrode,-,Breeze,Pearl,Corrode,-,-,https://www.vlr.gg/594747/team-liquid-vs-team-vitality-vct-2026-emea-kickoff-ur2
Karmine Corp,KC,1,Bo3,A,loss,"[['Abyss', 2, 1, 1], ['Split', 13, 7, 6], ['Breeze', 13, 9, 4]]",28,17,11,VCT 2026: EMEA Kickoff,Main Event: Middle Round 1,"['KC SUYGETSU', 'KC dos9', 'KC sheydos', 'KC Avez', 'KC LewN']",Pearl,Corrode,Abyss,Breeze,-,Abyss,Split,Breeze,-,-,https://www.vlr.gg/594751/karmine-corp-vs-team-liquid-vct-2026-emea-kickoff-mr1
Team Liquid,TL,2,Bo3,B,win,"[['Abyss', 13, 2, 11], ['Split', 8, 3, 5], ['Breeze', 10, 8, 2]]",31,13,18,VCT 2026: EMEA Kickoff,Main Event: Middle Round 1,"['TL MiniBoo', 'TL purp0', 'TL wayne', 'TL kamo', 'TL nAts']",Haven,Bind,Split,Breeze,-,Abyss,Split,Breeze,-,-,https://www.vlr.gg/594751/karmine-corp-vs-team-liquid-vct-2026-emea-kickoff-mr1
FUT Esports,FUT,1,Bo3,A,loss,"[['Abyss', 13, 10, 3], ['Corrode', 16, 2, 10], ['Split', 16, 7, 5]]",45,19,18,VCT 2026: EMEA Kickoff,Main Event: Middle Round 1,"['FUT xeus', 'FUT MrFaliN', 'FUT KROSTALY', 'FUT yetujey', 'FUT baha']",Bind,Haven,Abyss,Split,-,Abyss,Corrode,Split,-,-,https://www.vlr.gg/594752/fut-esports-vs-fnatic-vct-2026-emea-kickoff-mr1
FNATIC,FNC,2,Bo3,B,win,"[['Abyss', 3, 1, 2], ['Corrode', 18, 2, 10], ['Split', 14, 7, 5]]",35,10,17,VCT 2026: EMEA Kickoff,Main Event: Middle Round 1,"['FNC Alfajer', 'FNC Veqaj', 'FNC crashies', 'FNC kaajak', 'FNC Boaster']",Pearl,Breeze,Corrode,Split,-,Abyss,Corrode,Split,-,-,https://www.vlr.gg/594752/fut-esports-vs-fnatic-vct-2026-emea-kickoff-mr1
PCIFIC Esports,PCF,1,Bo3,A,loss,"[['Abyss', 13, 4, 9], ['Bind', 12, 5, 7], ['Split', 13, 6, 7]]",38,15,23,VCT 2026: EMEA Kickoff,Main Event: Middle Round 1,"['PCF al0rante', 'PCF seven', 'PCF qpert', 'PCF NINJA', 'PCF cNed']",Haven,Pearl,Abyss,Split,-,Abyss,Bind,Split,-,-,https://www.vlr.gg/594753/pcific-esports-vs-giantx-vct-2026-emea-kickoff-mr1
GIANTX,GX,2,Bo3,B,win,"[['Abyss', 8, 3, 5], ['Bind', 14, 5, 7], ['Split', 10, 4, 6]]",32,12,18,VCT 2026: EMEA Kickoff,Main Event: Middle Round 1,"['GX Cloud', 'GX ara', 'GX westside', 'GX grubinho', 'GX Flickless']",Corrode,Breeze,Bind,Split,-,Abyss,Bind,Split,-,-,https://www.vlr.gg/594753/pcific-esports-vs-giantx-vct-2026-emea-kickoff-mr1
ULF Esports,ULF,0,Bo3,A,loss,"[['Haven', 13, 9, 4], ['Bind', 13, 6, 7]]",26,15,11,VCT 2026: EMEA Kickoff,Main Event: Middle Round 1,"['ULF audaz', 'ULF nekky', 'ULF Favian', 'ULF d3mur', 'ULF sturNN']",Corrode,Abyss,Haven,Breeze,-,Haven,Bind,-,-,-,https://www.vlr.gg/594754/ulf-esports-vs-team-heretics-vct-2026-emea-kickoff-mr1
Team Heretics,TH,2,Bo3,B,win,"[['Haven', 7, 4, 3], ['Bind', 8, 2, 6]]",15,6,9,VCT 2026: EMEA Kickoff,Main Event: Middle Round 1,"['TH benjyfishy', 'TH Boo', 'TH RieNs', 'TH ComeBack', 'TH Wo0t']",Pearl,Split,Bind,Breeze,-,Haven,Bind,-,-,-,https://www.vlr.gg/594754/ulf-esports-vs-team-heretics-vct-2026-emea-kickoff-mr1
Natus Vincere,NAVI,0,Bo3,B,loss,"[['Abyss', 7, 2, 5], ['Bind', 9, 4, 5]]",16,6,10,VCT 2026: EMEA Kickoff,Main Event: Upper Round 3,"['NAVI hiro', 'NAVI Shao', 'NAVI sociablEE', 'NAVI Ruxic', 'NAVI Filu']",Corrode,Pearl,Bind,Split,-,Abyss,Bind,-,-,-,https://www.vlr.gg/594748/natus-vincere-vs-gentle-mates-vct-2026-emea-kickoff-ur3
Gentle Mates,M8,2,Bo3,A,win,"[['Abyss', 13, 7, 6], ['Bind', 13, 5, 8]]",26,12,14,VCT 2026: EMEA Kickoff,Main Event: Upper Round 3,"['M8 Minny', 'M8 marteen', 'M8 GLYPH', 'M8 bipo', 'M8 starxo']",Breeze,Haven,Abyss,Split,-,Abyss,Bind,-,-,-,https://www.vlr.gg/594748/natus-vincere-vs-gentle-mates-vct-2026-emea-kickoff-ur3
BBL Esports,BBL,2,Bo3,A,win,"[['Haven', 9, 3, 6], ['Abyss', 8, 4, 4]]",17,7,10,VCT 2026: EMEA Kickoff,Main Event: Upper Round 3,"['BBL rock lovers', 'BBL Lar0k', 'BBL Loita', 'BBL Rosé', 'BBL Crewen']",Bind,Corrode,Haven,Breeze,-,Haven,Abyss,-,-,-,https://www.vlr.gg/594749/bbl-esports-vs-team-vitality-vct-2026-emea-kickoff-ur3
Team Vitality,VIT,0,Bo3,B,loss,"[['Haven', 13, 6, 7], ['Abyss', 13, 8, 5]]",26,14,12,VCT 2026: EMEA Kickoff,Main Event: Upper Round 3,"['VIT Chronicle', 'VIT Jamppi', 'VIT PROFEK', 'VIT UNFAKE', 'VIT Derke']",Pearl,Split,Abyss,Breeze,-,Haven,Abyss,-,-,-,https://www.vlr.gg/594749/bbl-esports-vs-team-vitality-vct-2026-emea-kickoff-ur3
Team Liquid,TL,0,Bo3,B,loss,"[['Corrode', 5, 0, 5], ['Split', 9, 6, 3]]",14,6,8,VCT 2026: EMEA Kickoff,Main Event: Middle Round 2,"['TL purp0', 'TL wayne', 'TL nAts', 'TL MiniBoo', 'TL kamo']",Haven,Abyss,Split,Breeze,-,Corrode,Split,-,-,-,https://www.vlr.gg/594755/team-liquid-vs-fnatic-vct-2026-emea-kickoff-mr2
FNATIC,FNC,2,Bo3,A,win,"[['Corrode', 13, 7, 6], ['Split', 13, 9, 4]]",26,16,10,VCT 2026: EMEA Kickoff,Main Event: Middle Round 2,"['FNC Alfajer', 'FNC crashies', 'FNC kaajak', 'FNC Veqaj', 'FNC Boaster']",Pearl,Bind,Corrode,Breeze,-,Corrode,Split,-,-,-,https://www.vlr.gg/594755/team-liquid-vs-fnatic-vct-2026-emea-kickoff-mr2
GIANTX,GX,2,Bo3,A,win,"[['Abyss', 10, 6, 4], ['Haven', 7, 5, 2]]",17,11,6,VCT 2026: EMEA Kickoff,Main Event: Middle Round 2,"['GX Flickless', 'GX Cloud', 'GX ara', 'GX westside', 'GX grubinho']",Corrode,Split,Abyss,Breeze,-,Abyss,Haven,-,-,-,https://www.vlr.gg/594756/giantx-vs-team-heretics-vct-2026-emea-kickoff-mr2
Team Heretics,TH,0,Bo3,B,loss,"[['Abyss', 13, 7, 6], ['Haven', 13, 6, 7]]",26,13,13,VCT 2026: EMEA Kickoff,Main Event: Middle Round 2,"['TH ComeBack', 'TH Wo0t', 'TH Boo', 'TH RieNs', 'TH benjyfishy']",Pearl,Bind,Haven,Breeze,-,Abyss,Haven,-,-,-,https://www.vlr.gg/594756/giantx-vs-team-heretics-vct-2026-emea-kickoff-mr2
Karmine Corp,KC,2,Bo3,A,win,"[['Haven', 12, 5, 7], ['Split', 13, 6, 7], ['Pearl', 7, 5, 2]]",32,16,16,VCT 2026: EMEA Kickoff,Main Event: Lower Round 1,"['KC dos9', 'KC LewN', 'KC Avez', 'KC sheydos', 'KC SUYGETSU']",Corrode,Breeze,Haven,Pearl,-,Haven,Split,Pearl,-,-,https://www.vlr.gg/594761/karmine-corp-vs-fut-esports-vct-2026-emea-kickoff-lr1
FUT Esports,FUT,1,Bo3,B,loss,"[['Haven', 14, 5, 7], ['Split', 8, 5, 3], ['Pearl', 13, 6, 7]]",35,16,17,VCT 2026: EMEA Kickoff,Main Event: Lower Round 1,"['FUT MrFaliN', 'FUT yetujey', 'FUT KROSTALY', 'FUT xeus', 'FUT baha']",Abyss,Bind,Split,Pearl,-,Haven,Split,Pearl,-,-,https://www.vlr.gg/594761/karmine-corp-vs-fut-esports-vct-2026-emea-kickoff-lr1
PCIFIC Esports,PCF,0,Bo3,B,loss,"[['Split', 5, 2, 3], ['Abyss', 8, 5, 3]]",13,7,6,VCT 2026: EMEA Kickoff,Main Event: Lower Round 1,"['PCF NINJA', 'PCF al0rante', 'PCF cNed', 'PCF seven', 'PCF qpert']",Haven,Bind,Abyss,Breeze,-,Split,Abyss,-,-,-,https://www.vlr.gg/594762/pcific-esports-vs-ulf-esports-vct-2026-emea-kickoff-lr1
ULF Esports,ULF,2,Bo3,A,win,"[['Split', 13, 9, 4], ['Abyss', 13, 9, 4]]",26,18,8,VCT 2026: EMEA Kickoff,Main Event: Lower Round 1,"['ULF audaz', 'ULF d3mur', 'ULF Favian', 'ULF nekky', 'ULF sturNN']",Corrode,Pearl,Split,Breeze,-,Split,Abyss,-,-,-,https://www.vlr.gg/594762/pcific-esports-vs-ulf-esports-vct-2026-emea-kickoff-lr1
Natus Vincere,NAVI,1,Bo3,A,loss,"[['Split', 13, 4, 9], ['Breeze', 6, 4, 2], ['Bind', 17, 9, 3]]",36,17,14,VCT 2026: EMEA Kickoff,Main Event: Middle Round 3,"['NAVI hiro', 'NAVI Ruxic', 'NAVI Filu', 'NAVI sociablEE', 'NAVI Shao']",Corrode,Abyss,Split,Bind,-,Split,Breeze,Bind,-,-,https://www.vlr.gg/594757/natus-vincere-vs-fnatic-vct-2026-emea-kickoff-mr3
FNATIC,FNC,2,Bo3,B,win,"[['Split', 10, 3, 7], ['Breeze', 13, 5, 8], ['Bind', 15, 9, 3]]",38,17,18,VCT 2026: EMEA Kickoff,Main Event: Middle Round 3,"['FNC Alfajer', 'FNC Veqaj', 'FNC kaajak', 'FNC crashies', 'FNC Boaster']",Pearl,Haven,Breeze,Bind,-,Split,Breeze,Bind,-,-,https://www.vlr.gg/594757/natus-vincere-vs-fnatic-vct-2026-emea-kickoff-mr3
Team Vitality,VIT,2,Bo3,B,win,"[['Abyss', 13, 12, 1], ['Breeze', 13, 7, 6]]",26,19,7,VCT 2026: EMEA Kickoff,Main Event: Middle Round 3,"['VIT Chronicle', 'VIT Derke', 'VIT UNFAKE', 'VIT PROFEK', 'VIT Jamppi']",Pearl,Bind,Breeze,Haven,-,Abyss,Breeze,-,-,-,https://www.vlr.gg/594758/team-vitality-vs-giantx-vct-2026-emea-kickoff-mr3
GIANTX,GX,0,Bo3,A,loss,"[['Abyss', 0, 0, 0], ['Breeze', 11, 6, 5]]",11,6,5,VCT 2026: EMEA Kickoff,Main Event: Middle Round 3,"['GX Flickless', 'GX ara', 'GX westside', 'GX grubinho', 'GX Cloud']",Corrode,Split,Abyss,Haven,-,Abyss,Breeze,-,-,-,https://www.vlr.gg/594758/team-vitality-vs-giantx-vct-2026-emea-kickoff-mr3
Team Heretics,TH,2,Bo3,B,win,"[['Haven', 13, 7, 6], ['Corrode', 13, 7, 6], ['Abyss', 2, 0, 2]]",28,14,14,VCT 2026: EMEA Kickoff,Main Event: Lower Round 2,"['TH benjyfishy', 'TH Wo0t', 'TH RieNs', 'TH Boo', 'TH ComeBack']",Pearl,Bind,Haven,Corrode,-,Abyss,Haven,Corrode,-,-,https://www.vlr.gg/594763/team-heretics-vs-karmine-corp-vct-2026-emea-kickoff-lr2
Karmine Corp,KC,1,Bo3,A,loss,"[['Haven', 8, 6, 2], ['Corrode', 11, 6, 5], ['Abyss', 13, 10, 3]]",32,22,10,VCT 2026: EMEA Kickoff,Main Event: Lower Round 2,"['KC LewN', 'KC SUYGETSU', 'KC dos9', 'KC sheydos', 'KC Avez']",Breeze,Split,Abyss,Corrode,-,Abyss,Haven,Corrode,-,-,https://www.vlr.gg/594763/team-heretics-vs-karmine-corp-vct-2026-emea-kickoff-lr2
Team Liquid,TL,2,Bo3,B,win,"[['Split', 8, 6, 2], ['Pearl', 14, 6, 6], ['Breeze', 13, 6, 7]]",35,18,15,VCT 2026: EMEA Kickoff,Main Event: Lower Round 2,"['TL wayne', 'TL kamo', 'TL MiniBoo', 'TL nAts', 'TL purp0']",Haven,Abyss,Breeze,Pearl,-,Split,Breeze,Pearl,-,-,https://www.vlr.gg/594764/team-liquid-vs-ulf-esports-vct-2026-emea-kickoff-lr2
ULF Esports,ULF,1,Bo3,A,loss,"[['Split', 13, 7, 6], ['Pearl', 12, 6, 6], ['Breeze', 5, 5, 0]]",30,18,12,VCT 2026: EMEA Kickoff,Main Event: Lower Round 2,"['ULF nekky', 'ULF d3mur', 'ULF sturNN', 'ULF audaz', 'ULF Favian']",Corrode,Bind,Split,Pearl,-,Split,Breeze,Pearl,-,-,https://www.vlr.gg/594764/team-liquid-vs-ulf-esports-vct-2026-emea-kickoff-lr2
Natus Vincere,NAVI,0,Bo3,B,loss,"[['Haven', 5, 4, 1], ['Breeze', 4, 4, 0]]",9,8,1,VCT 2026: EMEA Kickoff,Main Event: Lower Round 3,"['NAVI Ruxic', 'NAVI hiro', 'NAVI Shao', 'NAVI Filu', 'NAVI sociablEE']",Corrode,Abyss,Breeze,Bind,-,Haven,Breeze,-,-,-,https://www.vlr.gg/594765/natus-vincere-vs-team-heretics-vct-2026-emea-kickoff-lr3
Team Heretics,TH,2,Bo3,A,win,"[['Haven', 13, 5, 8], ['Breeze', 13, 5, 8]]",26,10,16,VCT 2026: EMEA Kickoff,Main Event: Lower Round 3,"['TH benjyfishy', 'TH ComeBack', 'TH Wo0t', 'TH Boo', 'TH RieNs']",Split,Pearl,Haven,Bind,-,Haven,Breeze,-,-,-,https://www.vlr.gg/594765/natus-vincere-vs-team-heretics-vct-2026-emea-kickoff-lr3
GIANTX,GX,1,Bo3,B,loss,"[['Breeze', 4, 1, 3], ['Pearl', 13, 2, 11], ['Bind', 14, 4, 8]]",31,7,22,VCT 2026: EMEA Kickoff,Main Event: Lower Round 3,"['GX westside', 'GX grubinho', 'GX Cloud', 'GX ara', 'GX Flickless']",Corrode,Abyss,Pearl,Bind,-,Breeze,Pearl,Bind,-,-,https://www.vlr.gg/594766/giantx-vs-team-liquid-vct-2026-emea-kickoff-lr3
Team Liquid,TL,2,Bo3,A,win,"[['Breeze', 13, 9, 4], ['Pearl', 6, 1, 5], ['Bind', 16, 4, 8]]",35,14,17,VCT 2026: EMEA Kickoff,Main Event: Lower Round 3,"['TL nAts', 'TL MiniBoo', 'TL wayne', 'TL purp0', 'TL kamo']",Haven,Split,Breeze,Bind,-,Breeze,Pearl,Bind,-,-,https://www.vlr.gg/594766/giantx-vs-team-liquid-vct-2026-emea-kickoff-lr3
Team Heretics,TH,0,Bo3,B,loss,"[['Abyss', 11, 6, 5], ['Bind', 3, 2, 1]]",14,8,6,VCT 2026: EMEA Kickoff,Main Event: Lower Round 4,"['TH benjyfishy', 'TH RieNs', 'TH Boo', 'TH Wo0t', 'TH ComeBack']",Pearl,Split,Bind,Breeze,-,Abyss,Bind,-,-,-,https://www.vlr.gg/594767/team-heretics-vs-team-liquid-vct-2026-emea-kickoff-lr4
Team Liquid,TL,2,Bo3,A,win,"[['Abyss', 13, 7, 6], ['Bind', 13, 11, 2]]",26,18,8,VCT 2026: EMEA Kickoff,Main Event: Lower Round 4,"['TL kamo', 'TL nAts', 'TL MiniBoo', 'TL purp0', 'TL wayne']",Haven,Corrode,Abyss,Breeze,-,Abyss,Bind,-,-,-,https://www.vlr.gg/594767/team-heretics-vs-team-liquid-vct-2026-emea-kickoff-lr4
FNATIC,FNC,2,Bo3,B,win,"[['Abyss', 13, 9, 4], ['Bind', 13, 6, 7]]",26,15,11,VCT 2026: EMEA Kickoff,Main Event: Middle Round 4,"['FNC Alfajer', 'FNC Veqaj', 'FNC crashies', 'FNC kaajak', 'FNC Boaster']",Breeze,Pearl,Bind,Corrode,-,Abyss,Bind,-,-,-,https://www.vlr.gg/594759/fnatic-vs-team-vitality-vct-2026-emea-kickoff-mr4
Team Vitality,VIT,0,Bo3,A,loss,"[['Abyss', 5, 2, 3], ['Bind', 8, 2, 6]]",13,4,9,VCT 2026: EMEA Kickoff,Main Event: Middle Round 4,"['VIT Derke', 'VIT PROFEK', 'VIT Chronicle', 'VIT UNFAKE', 'VIT Jamppi']",Split,Haven,Abyss,Corrode,-,Abyss,Bind,-,-,-,https://www.vlr.gg/594759/fnatic-vs-team-vitality-vct-2026-emea-kickoff-mr4
Gentle Mates,M8,2,Bo5,B,loss,"[['Haven', 13, 6, 7], ['Abyss', 13, 7, 5], ['Pearl', 14, 6, 6], ['Split', 13, 9, 4], ['Corrode', 6, 1, 5]]",59,29,27,VCT 2026: EMEA Kickoff,Main Event: Upper Final,"['M8 marteen', 'M8 Minny', 'M8 bipo', 'M8 GLYPH', 'M8 starxo']",Breeze,-,Abyss,Split,Corrode,Haven,Abyss,Pearl,Split,Corrode,https://www.vlr.gg/594750/gentle-mates-vs-bbl-esports-vct-2026-emea-kickoff-ubf
BBL Esports,BBL,3,Bo5,A,win,"[['Haven', 11, 5, 6], ['Abyss', 15, 7, 5], ['Pearl', 16, 6, 6], ['Split', 4, 1, 3], ['Corrode', 13, 7, 6]]",59,26,26,VCT 2026: EMEA Kickoff,Main Event: Upper Final,"['BBL rock lovers', 'BBL Loita', 'BBL Lar0k', 'BBL Crewen', 'BBL Rosé']",Bind,-,Haven,Pearl,Corrode,Haven,Abyss,Pearl,Split,Corrode,https://www.vlr.gg/594750/gentle-mates-vs-bbl-esports-vct-2026-emea-kickoff-ubf
Team Vitality,VIT,1,Bo3,A,loss,"[['Corrode', 8, 6, 2], ['Bind', 13, 4, 9], ['Breeze', 13, 4, 9]]",34,14,20,VCT 2026: EMEA Kickoff,Main Event: Lower Round 5,"['VIT Jamppi', 'VIT Chronicle', 'VIT Derke', 'VIT PROFEK', 'VIT UNFAKE']",Split,Pearl,Corrode,Breeze,-,Corrode,Bind,Breeze,-,-,https://www.vlr.gg/594768/team-vitality-vs-team-liquid-vct-2026-emea-kickoff-lr5
Team Liquid,TL,2,Bo3,B,win,"[['Corrode', 13, 10, 3], ['Bind', 3, 3, 0], ['Breeze', 9, 3, 6]]",25,16,9,VCT 2026: EMEA Kickoff,Main Event: Lower Round 5,"['TL nAts', 'TL kamo', 'TL MiniBoo', 'TL wayne', 'TL purp0']",Haven,Abyss,Bind,Breeze,-,Corrode,Bind,Breeze,-,-,https://www.vlr.gg/594768/team-vitality-vs-team-liquid-vct-2026-emea-kickoff-lr5
Gentle Mates,M8,3,Bo5,A,win,"[['Abyss', 13, 6, 7], ['Corrode', 16, 4, 8], ['Split', 6, 2, 4], ['Bind', 12, 7, 5], ['Haven', 12, 5, 7]]",59,24,31,VCT 2026: EMEA Kickoff,Main Event: Middle Final,"['M8 marteen', 'M8 Minny', 'M8 bipo', 'M8 starxo', 'M8 GLYPH']",Breeze,-,Abyss,Split,Haven,Abyss,Corrode,Split,Bind,Haven,https://www.vlr.gg/594760/gentle-mates-vs-fnatic-vct-2026-emea-kickoff-mbf
FNATIC,FNC,2,Bo5,B,loss,"[['Abyss', 10, 4, 6], ['Corrode', 14, 4, 8], ['Split', 13, 8, 5], ['Bind', 14, 7, 5], ['Haven', 14, 5, 7]]",65,28,31,VCT 2026: EMEA Kickoff,Main Event: Middle Final,"['FNC Veqaj', 'FNC Alfajer', 'FNC crashies', 'FNC kaajak', 'FNC Boaster']",Pearl,-,Corrode,Bind,Haven,Abyss,Corrode,Split,Bind,Haven,https://www.vlr.gg/594760/gentle-mates-vs-fnatic-vct-2026-emea-kickoff-mbf
FNATIC,FNC,0,Bo5,A,loss,"[['Corrode', 13, 6, 7], ['Bind', 13, 8, 5], ['Abyss', 18, 5, 7]]",44,19,19,VCT 2026: EMEA Kickoff,Main Event: Lower Final,"['FNC Alfajer', 'FNC kaajak', 'FNC crashies', 'FNC Veqaj', 'FNC Boaster']",Pearl,-,Corrode,Abyss,Split,Corrode,Bind,Abyss,-,-,https://www.vlr.gg/594769/fnatic-vs-team-liquid-vct-2026-emea-kickoff-lbf
Team Liquid,TL,3,Bo5,B,win,"[['Corrode', 6, 5, 1], ['Bind', 10, 7, 3], ['Abyss', 16, 5, 7]]",32,17,11,VCT 2026: EMEA Kickoff,Main Event: Lower Final,"['TL nAts', 'TL MiniBoo', 'TL wayne', 'TL kamo', 'TL purp0']",Haven,-,Bind,Breeze,Split,Corrode,Bind,Abyss,-,-,https://www.vlr.gg/594769/fnatic-vs-team-liquid-vct-2026-emea-kickoff-lbf
Nongshim RedForce,NS,2,Bo3,B,win,"[['Haven', 13, 9, 4], ['Split', 13, 8, 5]]",26,17,9,VCT 2026: Pacific Kickoff,Main Event: Upper Round 1,"['NS Dambi', 'NS Rb', 'NS Francis', 'NS Xross', 'NS Ivy']",Pearl,Bind,Split,Breeze,-,Haven,Split,-,-,-,https://www.vlr.gg/595630/nongshim-redforce-vs-team-secret-vct-2026-pacific-kickoff-ur1
Team Secret,TS,0,Bo3,A,loss,"[['Haven', 5, 2, 3], ['Split', 8, 7, 1]]",13,9,4,VCT 2026: Pacific Kickoff,Main Event: Upper Round 1,"['TS BerserX', 'TS kellyS', 'TS Sylvan', 'TS JessieVash', 'TS TenTen']",Corrode,Abyss,Haven,Breeze,-,Haven,Split,-,-,-,https://www.vlr.gg/595630/nongshim-redforce-vs-team-secret-vct-2026-pacific-kickoff-ur1
ZETA DIVISION,ZETA,0,Bo3,B,loss,"[['Corrode', 4, 4, 0], ['Split', 2, 0, 2]]",6,4,2,VCT 2026: Pacific Kickoff,Main Event: Upper Round 1,"['ZETA eKo', 'ZETA Absol', 'ZETA SugarZ3ro', 'ZETA SyouTa', 'ZETA Xdll']",Pearl,Bind,Split,Breeze,-,Corrode,Split,-,-,-,https://www.vlr.gg/595631/zeta-division-vs-full-sense-vct-2026-pacific-kickoff-ur1
FULL SENSE,FS,2,Bo3,A,win,"[['Corrode', 13, 5, 8], ['Split', 13, 10, 3]]",26,15,11,VCT 2026: Pacific Kickoff,Main Event: Upper Round 1,"['FS primmie', 'FS Killua', 'FS Leviathan', 'FS JitBoyS', 'FS thyy']",Haven,Abyss,Corrode,Breeze,-,Corrode,Split,-,-,-,https://www.vlr.gg/595631/zeta-division-vs-full-sense-vct-2026-pacific-kickoff-ur1
VARREL,VL,0,Bo3,A,loss,"[['Abyss', 13, 6, 7], ['Split', 13, 8, 5]]",26,14,12,VCT 2026: Pacific Kickoff,Main Event: Upper Round 1,"['VL Zexy', 'VL Klaus', 'VL XuNa', 'VL oonzmlp', 'VL C1ndeR']",Corrode,Breeze,Split,Haven,-,Split,Abyss,-,-,-,https://www.vlr.gg/595632/varrel-vs-global-esports-vct-2026-pacific-kickoff-ur1
Global Esports,GE,2,Bo3,B,win,"[['Abyss', 7, 5, 2], ['Split', 7, 3, 4]]",14,8,6,VCT 2026: Pacific Kickoff,Main Event: Upper Round 1,"['GE UdoTan', 'GE xavi8k', 'GE PatMen', 'GE Kr1stal', 'GE Autumn']",Bind,Pearl,Abyss,Haven,-,Split,Abyss,-,-,-,https://www.vlr.gg/595632/varrel-vs-global-esports-vct-2026-pacific-kickoff-ur1
DetonatioN FocusMe,DFM,2,Bo3,B,win,"[['Abyss', 13, 6, 7], ['Pearl', 13, 5, 8]]",26,11,15,VCT 2026: Pacific Kickoff,Main Event: Upper Round 1,"['DFM Caedye', 'DFM SSeeS', 'DFM Meiy', 'DFM Akame', 'DFM yatsuka']",Breeze,Split,Pearl,Haven,-,Abyss,Pearl,-,-,-,https://www.vlr.gg/595633/detonation-focusme-vs-gen-g-vct-2026-pacific-kickoff-ur1
Gen.G,GEN,0,Bo3,A,loss,"[['Abyss', 8, 5, 3], ['Pearl', 10, 3, 7]]",18,8,10,VCT 2026: Pacific Kickoff,Main Event: Upper Round 1,"['GEN Ash', 'GEN Karon', 'GEN t3xture', 'GEN ZynX', 'GEN Lakia']",Bind,Corrode,Abyss,Haven,-,Abyss,Pearl,-,-,-,https://www.vlr.gg/595633/detonation-focusme-vs-gen-g-vct-2026-pacific-kickoff-ur1
T1,T1,1,Bo3,B,loss,"[['Haven', 4, 0, 4], ['Corrode', 9, 5, 4], ['Split', 13, 7, 6]]",26,12,14,VCT 2026: Pacific Kickoff,Main Event: Upper Round 2,"['T1 BuZz', 'T1 iZu', 'T1 stax', 'T1 Munchkin', 'T1 Meteor']",Bind,Abyss,Haven,Corrode,-,Split,Haven,Corrode,-,-,https://www.vlr.gg/595634/t1-vs-nongshim-redforce-vct-2026-pacific-kickoff-ur2
Nongshim RedForce,NS,2,Bo3,A,win,"[['Haven', 13, 8, 5], ['Corrode', 13, 8, 5], ['Split', 9, 6, 3]]",35,22,13,VCT 2026: Pacific Kickoff,Main Event: Upper Round 2,"['NS Dambi', 'NS Francis', 'NS Ivy', 'NS Xross', 'NS Rb']",Pearl,Breeze,Split,Corrode,-,Split,Haven,Corrode,-,-,https://www.vlr.gg/595634/t1-vs-nongshim-redforce-vct-2026-pacific-kickoff-ur2
DRX,DRX,1,Bo3,B,loss,"[['Breeze', 13, 8, 5], ['Pearl', 8, 4, 4], ['Split', 8, 3, 5]]",29,15,14,VCT 2026: Pacific Kickoff,Main Event: Upper Round 2,"['DRX free1ng', 'DRX MaKo', 'DRX BeYN', 'DRX Hermes', 'DRX HYUNMIN']",Corrode,Bind,Pearl,Split,-,Breeze,Pearl,Split,-,-,https://www.vlr.gg/595635/drx-vs-full-sense-vct-2026-pacific-kickoff-ur2
FULL SENSE,FS,2,Bo3,A,win,"[['Breeze', 10, 6, 4], ['Pearl', 13, 8, 5], ['Split', 13, 7, 6]]",36,21,15,VCT 2026: Pacific Kickoff,Main Event: Upper Round 2,"['FS primmie', 'FS Killua', 'FS JitBoyS', 'FS Leviathan', 'FS thyy']",Abyss,Haven,Breeze,Split,-,Breeze,Pearl,Split,-,-,https://www.vlr.gg/595635/drx-vs-full-sense-vct-2026-pacific-kickoff-ur2
Paper Rex,PRX,2,Bo3,B,win,"[['Breeze', 13, 6, 7], ['Split', 5, 0, 5], ['Bind', 13, 6, 7]]",31,12,19,VCT 2026: Pacific Kickoff,Main Event: Upper Round 2,"['PRX f0rsakeN', 'PRX Jinggg', 'PRX something', 'PRX invy', 'PRX d4v41']",Abyss,Corrode,Split,Bind,-,Breeze,Split,Bind,-,-,https://www.vlr.gg/595636/paper-rex-vs-global-esports-vct-2026-pacific-kickoff-ur2
Global Esports,GE,1,Bo3,A,loss,"[['Breeze', 10, 5, 5], ['Split', 13, 7, 6], ['Bind', 10, 5, 5]]",33,17,16,VCT 2026: Pacific Kickoff,Main Event: Upper Round 2,"['GE PatMen', 'GE UdoTan', 'GE xavi8k', 'GE Autumn', 'GE Kr1stal']",Pearl,Haven,Breeze,Bind,-,Breeze,Split,Bind,-,-,https://www.vlr.gg/595636/paper-rex-vs-global-esports-vct-2026-pacific-kickoff-ur2
Rex Regum Qeon,RRQ,2,Bo3,B,win,"[['Haven', 13, 4, 9], ['Corrode', 13, 10, 3]]",26,14,12,VCT 2026: Pacific Kickoff,Main Event: Upper Round 2,"['RRQ Kushy', 'RRQ xffero', 'RRQ Jemkin', 'RRQ crazyguy', 'RRQ Monyet']",Abyss,Split,Corrode,Bind,-,Haven,Corrode,-,-,-,https://www.vlr.gg/595637/rex-regum-qeon-vs-detonation-focusme-vct-2026-pacific-kickoff-ur2
DetonatioN FocusMe,DFM,0,Bo3,A,loss,"[['Haven', 10, 2, 8], ['Corrode', 5, 3, 2]]",15,5,10,VCT 2026: Pacific Kickoff,Main Event: Upper Round 2,"['DFM Meiy', 'DFM yatsuka', 'DFM SSeeS', 'DFM Caedye', 'DFM Akame']",Pearl,Breeze,Haven,Bind,-,Haven,Corrode,-,-,-,https://www.vlr.gg/595637/rex-regum-qeon-vs-detonation-focusme-vct-2026-pacific-kickoff-ur2
Team Secret,TS,0,Bo3,A,loss,"[['Split', 13, 3, 10], ['Bind', 13, 6, 7]]",26,9,17,VCT 2026: Pacific Kickoff,Main Event: Middle Round 1,"['TS kellyS', 'TS BerserX', 'TS JessieVash', 'TS Sylvan', 'TS TenTen']",Corrode,Abyss,Split,Breeze,-,Split,Bind,-,-,-,https://www.vlr.gg/595641/team-secret-vs-detonation-focusme-vct-2026-pacific-kickoff-mr1
DetonatioN FocusMe,DFM,2,Bo3,B,win,"[['Split', 2, 2, 0], ['Bind', 8, 5, 3]]",10,7,3,VCT 2026: Pacific Kickoff,Main Event: Middle Round 1,"['DFM Akame', 'DFM SSeeS', 'DFM Meiy', 'DFM yatsuka', 'DFM Caedye']",Haven,Pearl,Bind,Breeze,-,Split,Bind,-,-,-,https://www.vlr.gg/595641/team-secret-vs-detonation-focusme-vct-2026-pacific-kickoff-mr1
ZETA DIVISION,ZETA,0,Bo3,A,loss,"[['Haven', 13, 9, 4], ['Abyss', 13, 5, 8]]",26,14,12,VCT 2026: Pacific Kickoff,Main Event: Middle Round 1,"['ZETA SugarZ3ro', 'ZETA Absol', 'ZETA Xdll', 'ZETA SyouTa', 'ZETA eKo']",Pearl,Bind,Haven,Split,-,Haven,Abyss,-,-,-,https://www.vlr.gg/595642/zeta-division-vs-global-esports-vct-2026-pacific-kickoff-mr1
Global Esports,GE,2,Bo3,B,win,"[['Haven', 11, 8, 3], ['Abyss', 9, 4, 5]]",20,12,8,VCT 2026: Pacific Kickoff,Main Event: Middle Round 1,"['GE xavi8k', 'GE Autumn', 'GE Kr1stal', 'GE PatMen', 'GE UdoTan']",Corrode,Breeze,Abyss,Split,-,Haven,Abyss,-,-,-,https://www.vlr.gg/595642/zeta-division-vs-global-esports-vct-2026-pacific-kickoff-mr1
VARREL,VL,1,Bo3,A,loss,"[['Corrode', 10, 7, 3], ['Split', 13, 5, 8], ['Bind', 13, 9, 4]]",36,21,15,VCT 2026: Pacific Kickoff,Main Event: Middle Round 1,"['VL oonzmlp', 'VL XuNa', 'VL Klaus', 'VL Zexy', 'VL C1ndeR']",Abyss,Breeze,Corrode,Bind,-,Corrode,Split,Bind,-,-,https://www.vlr.gg/595643/varrel-vs-drx-vct-2026-pacific-kickoff-mr1
DRX,DRX,2,Bo3,B,win,"[['Corrode', 13, 8, 5], ['Split', 10, 4, 6], ['Bind', 5, 2, 3]]",28,14,14,VCT 2026: Pacific Kickoff,Main Event: Middle Round 1,"['DRX BeYN', 'DRX MaKo', 'DRX HYUNMIN', 'DRX Hermes', 'DRX free1ng']",Pearl,Haven,Split,Bind,-,Corrode,Split,Bind,-,-,https://www.vlr.gg/595643/varrel-vs-drx-vct-2026-pacific-kickoff-mr1
Gen.G,GEN,1,Bo3,A,loss,"[['Breeze', 7, 5, 2], ['Bind', 13, 6, 7], ['Haven', 13, 6, 7]]",33,17,16,VCT 2026: Pacific Kickoff,Main Event: Middle Round 1,"['GEN t3xture', 'GEN Karon', 'GEN Lakia', 'GEN Ash', 'GEN ZynX']",Pearl,Split,Breeze,Haven,-,Breeze,Bind,Haven,-,-,https://www.vlr.gg/595644/gen-g-vs-t1-vct-2026-pacific-kickoff-mr1
T1,T1,2,Bo3,B,win,"[['Breeze', 13, 6, 7], ['Bind', 8, 5, 3], ['Haven', 9, 3, 6]]",30,14,16,VCT 2026: Pacific Kickoff,Main Event: Middle Round 1,"['T1 Meteor', 'T1 iZu', 'T1 Munchkin', 'T1 stax', 'T1 BuZz']",Abyss,Corrode,Bind,Haven,-,Breeze,Bind,Haven,-,-,https://www.vlr.gg/595644/gen-g-vs-t1-vct-2026-pacific-kickoff-mr1
Nongshim RedForce,NS,2,Bo3,B,win,"[['Split', 14, 6, 6], ['Bind', 13, 3, 10]]",27,9,16,VCT 2026: Pacific Kickoff,Main Event: Upper Round 3,"['NS Dambi', 'NS Rb', 'NS Ivy', 'NS Francis', 'NS Xross']",Pearl,Breeze,Bind,Corrode,-,Split,Bind,-,-,-,https://www.vlr.gg/595638/nongshim-redforce-vs-full-sense-vct-2026-pacific-kickoff-ur3
FULL SENSE,FS,0,Bo3,A,loss,"[['Split', 12, 6, 6], ['Bind', 2, 2, 0]]",14,8,6,VCT 2026: Pacific Kickoff,Main Event: Upper Round 3,"['FS Leviathan', 'FS JitBoyS', 'FS thyy', 'FS primmie', 'FS Killua']",Haven,Abyss,Split,Corrode,-,Split,Bind,-,-,-,https://www.vlr.gg/595638/nongshim-redforce-vs-full-sense-vct-2026-pacific-kickoff-ur3
Paper Rex,PRX,0,Bo3,A,loss,"[['Bind', 13, 6, 7], ['Pearl', 13, 10, 3]]",26,16,10,VCT 2026: Pacific Kickoff,Main Event: Upper Round 3,"['PRX f0rsakeN', 'PRX Jinggg', 'PRX d4v41', 'PRX something', 'PRX invy']",Abyss,Corrode,Bind,Breeze,-,Bind,Pearl,-,-,-,https://www.vlr.gg/595639/paper-rex-vs-rex-regum-qeon-vct-2026-pacific-kickoff-ur3
Rex Regum Qeon,RRQ,2,Bo3,B,win,"[['Bind', 6, 5, 1], ['Pearl', 5, 3, 2]]",11,8,3,VCT 2026: Pacific Kickoff,Main Event: Upper Round 3,"['RRQ Jemkin', 'RRQ Kushy', 'RRQ Monyet', 'RRQ xffero', 'RRQ crazyguy']",Split,Haven,Pearl,Breeze,-,Bind,Pearl,-,-,-,https://www.vlr.gg/595639/paper-rex-vs-rex-regum-qeon-vct-2026-pacific-kickoff-ur3
DetonatioN FocusMe,DFM,2,Bo3,B,win,"[['Breeze', 3, 2, 1], ['Pearl', 13, 7, 6], ['Split', 13, 6, 7]]",29,15,14,VCT 2026: Pacific Kickoff,Main Event: Middle Round 2,"['DFM Meiy', 'DFM Akame', 'DFM Caedye', 'DFM SSeeS', 'DFM yatsuka']",Corrode,Haven,Pearl,Split,-,Breeze,Pearl,Split,-,-,https://www.vlr.gg/595645/detonation-focusme-vs-global-esports-vct-2026-pacific-kickoff-mr2
Global Esports,GE,1,Bo3,A,loss,"[['Breeze', 13, 3, 10], ['Pearl', 9, 4, 5], ['Split', 8, 5, 3]]",30,12,18,VCT 2026: Pacific Kickoff,Main Event: Middle Round 2,"['GE PatMen', 'GE Autumn', 'GE xavi8k', 'GE Kr1stal', 'GE UdoTan']",Abyss,Bind,Breeze,Split,-,Breeze,Pearl,Split,-,-,https://www.vlr.gg/595645/detonation-focusme-vs-global-esports-vct-2026-pacific-kickoff-mr2
DRX,DRX,0,Bo3,A,loss,"[['Split', 13, 7, 6], ['Bind', 13, 5, 8]]",26,12,14,VCT 2026: Pacific Kickoff,Main Event: Middle Round 2,"['DRX HYUNMIN', 'DRX MaKo', 'DRX free1ng', 'DRX BeYN', 'DRX Hermes']",Pearl,Haven,Split,Breeze,-,Split,Bind,-,-,-,https://www.vlr.gg/595646/drx-vs-t1-vct-2026-pacific-kickoff-mr2
T1,T1,2,Bo3,B,win,"[['Split', 8, 3, 5], ['Bind', 8, 4, 4]]",16,7,9,VCT 2026: Pacific Kickoff,Main Event: Middle Round 2,"['T1 BuZz', 'T1 iZu', 'T1 Munchkin', 'T1 Meteor', 'T1 stax']",Abyss,Corrode,Bind,Breeze,-,Split,Bind,-,-,-,https://www.vlr.gg/595646/drx-vs-t1-vct-2026-pacific-kickoff-mr2
Team Secret,TS,1,Bo3,B,loss,"[['Bind', 13, 8, 5], ['Split', 4, 3, 1], ['Abyss', 11, 4, 7]]",28,15,13,VCT 2026: Pacific Kickoff,Main Event: Lower Round 1,"['TS JessieVash', 'TS TenTen', 'TS kellyS', 'TS BerserX', 'TS Sylvan']",Corrode,Haven,Split,Abyss,-,Bind,Split,Abyss,-,-,https://www.vlr.gg/595651/team-secret-vs-zeta-division-vct-2026-pacific-kickoff-lr1
ZETA DIVISION,ZETA,2,Bo3,A,win,"[['Bind', 4, 0, 4], ['Split', 13, 11, 2], ['Abyss', 13, 5, 8]]",30,16,14,VCT 2026: Pacific Kickoff,Main Event: Lower Round 1,"['ZETA Xdll', 'ZETA eKo', 'ZETA SyouTa', 'ZETA SugarZ3ro', 'ZETA Absol']",Pearl,Breeze,Bind,Abyss,-,Bind,Split,Abyss,-,-,https://www.vlr.gg/595651/team-secret-vs-zeta-division-vct-2026-pacific-kickoff-lr1
VARREL,VL,1,Bo3,B,loss,"[['Breeze', 10, 6, 4], ['Pearl', 20, 5, 7], ['Haven', 9, 3, 6]]",39,14,17,VCT 2026: Pacific Kickoff,Main Event: Lower Round 1,"['VL XuNa', 'VL Klaus', 'VL Zexy', 'VL C1ndeR', 'VL oonzmlp']",Abyss,Bind,Pearl,Haven,-,Breeze,Pearl,Haven,-,-,https://www.vlr.gg/595652/varrel-vs-gen-g-vct-2026-pacific-kickoff-lr1
Gen.G,GEN,2,Bo3,A,win,"[['Breeze', 13, 8, 5], ['Pearl', 18, 5, 7], ['Haven', 13, 4, 9]]",44,17,21,VCT 2026: Pacific Kickoff,Main Event: Lower Round 1,"['GEN ZynX', 'GEN Karon', 'GEN Ash', 'GEN t3xture', 'GEN Lakia']",Corrode,Split,Breeze,Haven,-,Breeze,Pearl,Haven,-,-,https://www.vlr.gg/595652/varrel-vs-gen-g-vct-2026-pacific-kickoff-lr1
FULL SENSE,FS,1,Bo3,B,loss,"[['Pearl', 13, 6, 7], ['Split', 9, 5, 4], ['Haven', 6, 6, 0]]",28,17,11,VCT 2026: Pacific Kickoff,Main Event: Middle Round 3,"['FS primmie', 'FS Killua', 'FS Leviathan', 'FS thyy', 'FS JitBoyS']",Bind,Abyss,Split,Haven,-,Pearl,Split,Haven,-,-,https://www.vlr.gg/595647/full-sense-vs-detonation-focusme-vct-2026-pacific-kickoff-mr3
DetonatioN FocusMe,DFM,2,Bo3,A,win,"[['Pearl', 7, 5, 2], ['Split', 13, 6, 7], ['Haven', 13, 7, 6]]",33,18,15,VCT 2026: Pacific Kickoff,Main Event: Middle Round 3,"['DFM yatsuka', 'DFM SSeeS', 'DFM Meiy', 'DFM Caedye', 'DFM Akame']",Corrode,Breeze,Pearl,Haven,-,Pearl,Split,Haven,-,-,https://www.vlr.gg/595647/full-sense-vs-detonation-focusme-vct-2026-pacific-kickoff-mr3
Paper Rex,PRX,1,Bo3,B,loss,"[['Pearl', 13, 6, 7], ['Breeze', 9, 7, 2], ['Bind', 8, 6, 2]]",30,19,11,VCT 2026: Pacific Kickoff,Main Event: Middle Round 3,"['PRX invy', 'PRX Jinggg', 'PRX d4v41', 'PRX f0rsakeN', 'PRX something']",Abyss,Split,Breeze,Bind,-,Pearl,Breeze,Bind,-,-,https://www.vlr.gg/595648/paper-rex-vs-t1-vct-2026-pacific-kickoff-mr3
T1,T1,2,Bo3,A,win,"[['Pearl', 10, 5, 5], ['Breeze', 13, 10, 3], ['Bind', 13, 7, 6]]",36,22,14,VCT 2026: Pacific Kickoff,Main Event: Middle Round 3,"['T1 iZu', 'T1 Munchkin', 'T1 Meteor', 'T1 BuZz', 'T1 stax']",Haven,Corrode,Pearl,Bind,-,Pearl,Breeze,Bind,-,-,https://www.vlr.gg/595648/paper-rex-vs-t1-vct-2026-pacific-kickoff-mr3
DRX,DRX,2,Bo3,B,win,"[['Haven', 13, 9, 4], ['Bind', 7, 3, 4], ['Split', 13, 9, 4]]",33,21,12,VCT 2026: Pacific Kickoff,Main Event: Lower Round 2,"['DRX HYUNMIN', 'DRX BeYN', 'DRX MaKo', 'DRX free1ng', 'DRX Hermes']",Pearl,Corrode,Bind,Split,-,Haven,Bind,Split,-,-,https://www.vlr.gg/595653/drx-vs-zeta-division-vct-2026-pacific-kickoff-lr2
ZETA DIVISION,ZETA,1,Bo3,A,loss,"[['Haven', 7, 4, 3], ['Bind', 13, 8, 5], ['Split', 9, 8, 1]]",29,20,9,VCT 2026: Pacific Kickoff,Main Event: Lower Round 2,"['ZETA SugarZ3ro', 'ZETA eKo', 'ZETA Absol', 'ZETA Xdll', 'ZETA SyouTa']",Abyss,Breeze,Haven,Split,-,Haven,Bind,Split,-,-,https://www.vlr.gg/595653/drx-vs-zeta-division-vct-2026-pacific-kickoff-lr2
Global Esports,GE,2,Bo3,B,win,"[['Breeze', 13, 3, 9], ['Abyss', 13, 6, 7], ['Haven', 13, 7, 6]]",39,16,22,VCT 2026: Pacific Kickoff,Main Event: Lower Round 2,"['GE UdoTan', 'GE Autumn', 'GE xavi8k', 'GE PatMen', 'GE Kr1stal']",Pearl,Bind,Abyss,Haven,-,Breeze,Abyss,Haven,-,-,https://www.vlr.gg/595654/global-esports-vs-gen-g-vct-2026-pacific-kickoff-lr2
Gen.G,GEN,1,Bo3,A,loss,"[['Breeze', 15, 3, 9], ['Abyss', 11, 5, 6], ['Haven', 11, 6, 5]]",37,14,20,VCT 2026: Pacific Kickoff,Main Event: Lower Round 2,"['GEN Karon', 'GEN ZynX', 'GEN Lakia', 'GEN Ash', 'GEN t3xture']",Corrode,Split,Breeze,Haven,-,Breeze,Abyss,Haven,-,-,https://www.vlr.gg/595654/global-esports-vs-gen-g-vct-2026-pacific-kickoff-lr2
FULL SENSE,FS,0,Bo3,A,loss,"[['Corrode', 13, 10, 3], ['Abyss', 13, 8, 5]]",26,18,8,VCT 2026: Pacific Kickoff,Main Event: Lower Round 3,"['FS Killua', 'FS Leviathan', 'FS JitBoyS', 'FS primmie', 'FS thyy']",Haven,Bind,Corrode,Split,-,Corrode,Abyss,-,-,-,https://www.vlr.gg/595655/full-sense-vs-drx-vct-2026-pacific-kickoff-lr3
DRX,DRX,2,Bo3,B,win,"[['Corrode', 3, 1, 2], ['Abyss', 9, 7, 2]]",12,8,4,VCT 2026: Pacific Kickoff,Main Event: Lower Round 3,"['DRX free1ng', 'DRX HYUNMIN', 'DRX MaKo', 'DRX BeYN', 'DRX Hermes']",Pearl,Breeze,Abyss,Split,-,Corrode,Abyss,-,-,-,https://www.vlr.gg/595655/full-sense-vs-drx-vct-2026-pacific-kickoff-lr3
Paper Rex,PRX,2,Bo3,B,win,"[['Corrode', 13, 3, 10], ['Breeze', 6, 4, 2], ['Split', 14, 4, 8]]",33,11,20,VCT 2026: Pacific Kickoff,Main Event: Lower Round 3,"['PRX Jinggg', 'PRX invy', 'PRX f0rsakeN', 'PRX d4v41', 'PRX something']",Abyss,Pearl,Breeze,Split,-,Corrode,Breeze,Split,-,-,https://www.vlr.gg/595656/paper-rex-vs-global-esports-vct-2026-pacific-kickoff-lr3
Global Esports,GE,1,Bo3,A,loss,"[['Corrode', 10, 1, 9], ['Breeze', 13, 5, 8], ['Split', 12, 4, 8]]",35,10,25,VCT 2026: Pacific Kickoff,Main Event: Lower Round 3,"['GE PatMen', 'GE Kr1stal', 'GE Autumn', 'GE xavi8k', 'GE UdoTan']",Bind,Haven,Corrode,Split,-,Corrode,Breeze,Split,-,-,https://www.vlr.gg/595656/paper-rex-vs-global-esports-vct-2026-pacific-kickoff-lr3
DRX,DRX,1,Bo3,B,loss,"[['Haven', 11, 4, 7], ['Corrode', 13, 8, 5], ['Breeze', 10, 2, 8]]",34,14,20,VCT 2026: Pacific Kickoff,Main Event: Lower Round 4,"['DRX HYUNMIN', 'DRX Hermes', 'DRX free1ng', 'DRX MaKo', 'DRX BeYN']",Pearl,Split,Corrode,Breeze,-,Haven,Corrode,Breeze,-,-,https://www.vlr.gg/595657/drx-vs-paper-rex-vct-2026-pacific-kickoff-lr4
Paper Rex,PRX,2,Bo3,A,win,"[['Haven', 13, 5, 8], ['Corrode', 8, 7, 1], ['Breeze', 13, 4, 9]]",34,16,18,VCT 2026: Pacific Kickoff,Main Event: Lower Round 4,"['PRX d4v41', 'PRX something', 'PRX Jinggg', 'PRX invy', 'PRX f0rsakeN']",Abyss,Bind,Haven,Breeze,-,Haven,Corrode,Breeze,-,-,https://www.vlr.gg/595657/drx-vs-paper-rex-vct-2026-pacific-kickoff-lr4
DetonatioN FocusMe,DFM,0,Bo3,A,loss,"[['Pearl', 13, 7, 6], ['Split', 13, 6, 7]]",26,13,13,VCT 2026: Pacific Kickoff,Main Event: Middle Round 4,"['DFM Akame', 'DFM Meiy', 'DFM yatsuka', 'DFM Caedye', 'DFM SSeeS']",Corrode,Breeze,Pearl,Bind,-,Pearl,Split,-,-,-,https://www.vlr.gg/595649/detonation-focusme-vs-t1-vct-2026-pacific-kickoff-mr4
T1,T1,2,Bo3,B,win,"[['Pearl', 7, 6, 1], ['Split', 10, 4, 6]]",17,10,7,VCT 2026: Pacific Kickoff,Main Event: Middle Round 4,"['T1 Meteor', 'T1 iZu', 'T1 Munchkin', 'T1 BuZz', 'T1 stax']",Haven,Abyss,Split,Bind,-,Pearl,Split,-,-,-,https://www.vlr.gg/595649/detonation-focusme-vs-t1-vct-2026-pacific-kickoff-mr4
Nongshim RedForce,NS,3,Bo5,B,win,"[['Corrode', 12, 6, 6], ['Bind', 13, 9, 4], ['Haven', 13, 9, 4], ['Abyss', 11, 5, 6], ['Breeze', 13, 11, 2]]",62,40,22,VCT 2026: Pacific Kickoff,Main Event: Upper Final,"['NS Xross', 'NS Rb', 'NS Ivy', 'NS Dambi', 'NS Francis']",Pearl,-,Bind,Abyss,Breeze,Corrode,Bind,Haven,Abyss,Breeze,https://www.vlr.gg/595640/nongshim-redforce-vs-rex-regum-qeon-vct-2026-pacific-kickoff-ubf
Rex Regum Qeon,RRQ,2,Bo5,A,loss,"[['Corrode', 14, 6, 6], ['Bind', 8, 5, 3], ['Haven', 5, 2, 3], ['Abyss', 13, 6, 7], ['Breeze', 7, 6, 1]]",47,25,20,VCT 2026: Pacific Kickoff,Main Event: Upper Final,"['RRQ Jemkin', 'RRQ xffero', 'RRQ Monyet', 'RRQ crazyguy', 'RRQ Kushy']",Split,-,Corrode,Haven,Breeze,Corrode,Bind,Haven,Abyss,Breeze,https://www.vlr.gg/595640/nongshim-redforce-vs-rex-regum-qeon-vct-2026-pacific-kickoff-ubf
DetonatioN FocusMe,DFM,0,Bo3,B,loss,"[['Haven', 11, 7, 4], ['Split', 2, 2, 0]]",13,9,4,VCT 2026: Pacific Kickoff,Main Event: Lower Round 5,"['DFM Meiy', 'DFM SSeeS', 'DFM Caedye', 'DFM Akame', 'DFM yatsuka']",Corrode,Breeze,Split,Bind,-,Haven,Split,-,-,-,https://www.vlr.gg/595658/detonation-focusme-vs-paper-rex-vct-2026-pacific-kickoff-lr5
Paper Rex,PRX,2,Bo3,A,win,"[['Haven', 13, 8, 5], ['Split', 13, 3, 10]]",26,11,15,VCT 2026: Pacific Kickoff,Main Event: Lower Round 5,"['PRX something', 'PRX f0rsakeN', 'PRX d4v41', 'PRX invy', 'PRX Jinggg']",Abyss,Pearl,Haven,Bind,-,Haven,Split,-,-,-,https://www.vlr.gg/595658/detonation-focusme-vs-paper-rex-vct-2026-pacific-kickoff-lr5
Rex Regum Qeon,RRQ,0,Bo5,A,loss,"[['Pearl', 13, 9, 4], ['Breeze', 13, 3, 10], ['Abyss', 19, 9, 3]]",45,21,17,VCT 2026: Pacific Kickoff,Main Event: Middle Final,"['RRQ Monyet', 'RRQ Jemkin', 'RRQ xffero', 'RRQ Kushy', 'RRQ crazyguy']",Split,-,Pearl,Abyss,Bind,Pearl,Breeze,Abyss,-,-,https://www.vlr.gg/595650/rex-regum-qeon-vs-t1-vct-2026-pacific-kickoff-mbf
T1,T1,3,Bo5,B,win,"[['Pearl', 7, 4, 3], ['Breeze', 2, 2, 0], ['Abyss', 17, 9, 3]]",26,15,6,VCT 2026: Pacific Kickoff,Main Event: Middle Final,"['T1 iZu', 'T1 Meteor', 'T1 Munchkin', 'T1 stax', 'T1 BuZz']",Corrode,-,Breeze,Haven,Bind,Pearl,Breeze,Abyss,-,-,https://www.vlr.gg/595650/rex-regum-qeon-vs-t1-vct-2026-pacific-kickoff-mbf
Rex Regum Qeon,RRQ,1,Bo5,B,loss,"[['Haven', 8, 8, 0], ['Corrode', 13, 9, 4], ['Breeze', 10, 4, 6], ['Pearl', 10, 7, 3]]",41,28,13,VCT 2026: Pacific Kickoff,Main Event: Lower Final,"['RRQ Jemkin', 'RRQ crazyguy', 'RRQ xffero', 'RRQ Kushy', 'RRQ Monyet']",Split,-,Corrode,Pearl,Bind,Haven,Corrode,Breeze,Pearl,-,https://www.vlr.gg/595659/rex-regum-qeon-vs-paper-rex-vct-2026-pacific-kickoff-lbf
Paper Rex,PRX,3,Bo5,A,win,"[['Haven', 13, 9, 4], ['Corrode', 10, 7, 3], ['Breeze', 13, 5, 8], ['Pearl', 13, 8, 5]]",49,29,20,VCT 2026: Pacific Kickoff,Main Event: Lower Final,"['PRX f0rsakeN', 'PRX invy', 'PRX Jinggg', 'PRX something', 'PRX d4v41']",Abyss,-,Haven,Breeze,Bind,Haven,Corrode,Breeze,Pearl,-,https://www.vlr.gg/595659/rex-regum-qeon-vs-paper-rex-vct-2026-pacific-kickoff-lbf
Trace Esports,TE,1,Bo3,A,loss,"[['Abyss', 7, 6, 1], ['Haven', 13, 7, 6], ['Bind', 13, 5, 8]]",33,18,15,VCT 2026: China Kickoff,Main Event: Upper Round 1,"['TE FengF', 'TE Kai', 'TE Viva', 'TE deLb', 'TE LuoK1ng']",Breeze,Pearl,Abyss,Bind,-,Abyss,Haven,Bind,-,-,https://www.vlr.gg/598923/trace-esports-vs-wolves-esports-vct-2026-china-kickoff-ur1
Wolves Esports,WOL,2,Bo3,B,win,"[['Abyss', 13, 7, 6], ['Haven', 11, 6, 5], ['Bind', 5, 4, 1]]",29,17,12,VCT 2026: China Kickoff,Main Event: Upper Round 1,"['WOL jowa', 'WOL Spring', 'WOL yosemite', 'WOL qiutiaN', 'WOL SiuFatBB']",Corrode,Split,Haven,Bind,-,Abyss,Haven,Bind,-,-,https://www.vlr.gg/598923/trace-esports-vs-wolves-esports-vct-2026-china-kickoff-ur1
FunPlus Phoenix,FPX,0,Bo3,B,loss,"[['Pearl', 3, 3, 0], ['Haven', 4, 4, 0]]",7,7,0,VCT 2026: China Kickoff,Main Event: Upper Round 1,"['FPX Setrod', 'FPX sScary', 'FPX AAAAY', 'FPX Life', 'FPX BerLIN']",Split,Corrode,Haven,Abyss,-,Pearl,Haven,-,-,-,https://www.vlr.gg/598924/funplus-phoenix-vs-tyloo-vct-2026-china-kickoff-ur1
TYLOO,TYL,2,Bo3,A,win,"[['Pearl', 13, 4, 9], ['Haven', 13, 5, 8]]",26,9,17,VCT 2026: China Kickoff,Main Event: Upper Round 1,"['TYL splash', 'TYL slowly', 'TYL Erv', 'TYL Scales', 'TYL sword9']",Bind,Breeze,Pearl,Abyss,-,Pearl,Haven,-,-,-,https://www.vlr.gg/598924/funplus-phoenix-vs-tyloo-vct-2026-china-kickoff-ur1
All Gamers,AG,2,Bo3,A,win,"[['Split', 7, 3, 4], ['Pearl', 14, 5, 7]]",21,8,11,VCT 2026: China Kickoff,Main Event: Upper Round 1,"['AG f4ngeer', 'AG Au1', 'AG K1ra', 'AG Shr1mp', 'AG iamgrq']",Breeze,Haven,Split,Corrode,-,Split,Pearl,-,-,-,https://www.vlr.gg/598921/all-gamers-vs-nova-esports-vct-2026-china-kickoff-ur1
Nova Esports,NOVA,0,Bo3,B,loss,"[['Split', 13, 8, 5], ['Pearl', 16, 5, 7]]",29,13,12,VCT 2026: China Kickoff,Main Event: Upper Round 1,"['NOVA GREEN', 'NOVA GuanG', 'NOVA heybay', 'NOVA Ezeir', 'NOVA OBONE']",Bind,Abyss,Pearl,Corrode,-,Split,Pearl,-,-,-,https://www.vlr.gg/598921/all-gamers-vs-nova-esports-vct-2026-china-kickoff-ur1
JDG Esports,JDG,2,Bo3,B,win,"[['Corrode', 13, 6, 7], ['Haven', 6, 1, 5], ['Abyss', 13, 5, 8]]",32,12,20,VCT 2026: China Kickoff,Main Event: Upper Round 1,"['JDG stew', 'JDG Yuicaw', 'JDG zhe', 'JDG jkuro', 'JDG coconut']",Split,Bind,Haven,Abyss,-,Corrode,Haven,Abyss,-,-,https://www.vlr.gg/598922/jdg-esports-vs-titan-esports-club-vct-2026-china-kickoff-ur1
Titan Esports Club,TEC,1,Bo3,A,loss,"[['Corrode', 6, 5, 1], ['Haven', 13, 7, 6], ['Abyss', 10, 4, 6]]",29,16,13,VCT 2026: China Kickoff,Main Event: Upper Round 1,"['TEC Abo', 'TEC lucas', 'TEC Coco', 'TEC Dynamite', 'TEC Haodong']",Pearl,Breeze,Corrode,Abyss,-,Corrode,Haven,Abyss,-,-,https://www.vlr.gg/598922/jdg-esports-vs-titan-esports-club-vct-2026-china-kickoff-ur1
Xi Lai Gaming,XLG,2,Bo3,B,win,"[['Breeze', 13, 8, 5], ['Abyss', 13, 7, 6]]",26,15,11,VCT 2026: China Kickoff,Main Event: Upper Round 2,"['XLG happywei', 'XLG Rarga', 'XLG WsLeo', 'XLG Lysoar', 'XLG NoMan']",Split,Haven,Abyss,Bind,-,Breeze,Abyss,-,-,-,https://www.vlr.gg/598927/xi-lai-gaming-vs-wolves-esports-vct-2026-china-kickoff-ur2
Wolves Esports,WOL,0,Bo3,A,loss,"[['Breeze', 4, 0, 4], ['Abyss', 6, 1, 5]]",10,1,9,VCT 2026: China Kickoff,Main Event: Upper Round 2,"['WOL yosemite', 'WOL Spring', 'WOL jowa', 'WOL SiuFatBB', 'WOL qiutiaN']",Corrode,Pearl,Breeze,Bind,-,Breeze,Abyss,-,-,-,https://www.vlr.gg/598927/xi-lai-gaming-vs-wolves-esports-vct-2026-china-kickoff-ur2
EDward Gaming,EDG,2,Bo3,B,win,"[['Abyss', 13, 8, 5], ['Bind', 14, 4, 8]]",27,12,13,VCT 2026: China Kickoff,Main Event: Upper Round 2,"['EDG CHICHOO', 'EDG Smoggy', 'EDG ZmjjKK', 'EDG cb', 'EDG nobody']",Split,Haven,Bind,Pearl,-,Abyss,Bind,-,-,-,https://www.vlr.gg/598928/edward-gaming-vs-tyloo-vct-2026-china-kickoff-ur2
TYLOO,TYL,0,Bo3,A,loss,"[['Abyss', 5, 1, 4], ['Bind', 12, 4, 8]]",17,5,12,VCT 2026: China Kickoff,Main Event: Upper Round 2,"['TYL splash', 'TYL slowly', 'TYL Erv', 'TYL sword9', 'TYL Scales']",Breeze,Corrode,Abyss,Pearl,-,Abyss,Bind,-,-,-,https://www.vlr.gg/598928/edward-gaming-vs-tyloo-vct-2026-china-kickoff-ur2
Bilibili Gaming,BLG,0,Bo3,B,loss,"[['Split', 10, 6, 4], ['Abyss', 3, 2, 1]]",13,8,5,VCT 2026: China Kickoff,Main Event: Upper Round 2,"['BLG nephh', 'BLG rushia', 'BLG Knight', 'BLG whzy', 'BLG bud']",Corrode,Pearl,Abyss,Bind,-,Split,Abyss,-,-,-,https://www.vlr.gg/598925/bilibili-gaming-vs-all-gamers-vct-2026-china-kickoff-ur2
All Gamers,AG,2,Bo3,A,win,"[['Split', 13, 8, 5], ['Abyss', 13, 11, 2]]",26,19,7,VCT 2026: China Kickoff,Main Event: Upper Round 2,"['AG iamgrq', 'AG f4ngeer', 'AG K1ra', 'AG Shr1mp', 'AG Au1']",Breeze,Haven,Split,Bind,-,Split,Abyss,-,-,-,https://www.vlr.gg/598925/bilibili-gaming-vs-all-gamers-vct-2026-china-kickoff-ur2
Dragon Ranger Gaming,DRG,2,Bo3,A,win,"[['Abyss', 13, 6, 7], ['Breeze', 8, 4, 4], ['Corrode', 9, 3, 6]]",30,13,17,VCT 2026: China Kickoff,Main Event: Upper Round 2,"['DRG vo0kashu', 'DRG SpiritZ1', 'DRG Akeman', 'DRG Flex1n', 'DRG Nicc']",Haven,Split,Abyss,Corrode,-,Abyss,Breeze,Corrode,-,-,https://www.vlr.gg/598926/dragon-ranger-gaming-vs-jdg-esports-vct-2026-china-kickoff-ur2
JDG Esports,JDG,1,Bo3,B,loss,"[['Abyss', 11, 5, 6], ['Breeze', 13, 5, 8], ['Corrode', 13, 6, 7]]",37,16,21,VCT 2026: China Kickoff,Main Event: Upper Round 2,"['JDG Yuicaw', 'JDG stew', 'JDG coconut', 'JDG jkuro', 'JDG zhe']",Pearl,Bind,Breeze,Corrode,-,Abyss,Breeze,Corrode,-,-,https://www.vlr.gg/598926/dragon-ranger-gaming-vs-jdg-esports-vct-2026-china-kickoff-ur2
Nova Esports,NOVA,0,Bo3,B,loss,"[['Split', 10, 5, 5], ['Corrode', 4, 2, 2]]",14,7,7,VCT 2026: China Kickoff,Main Event: Middle Round 1,"['NOVA OBONE', 'NOVA GuanG', 'NOVA GREEN', 'NOVA Ezeir', 'NOVA heybay']",Bind,Haven,Corrode,Breeze,-,Split,Corrode,-,-,-,https://www.vlr.gg/598932/nova-esports-vs-tyloo-vct-2026-china-kickoff-mr1
TYLOO,TYL,2,Bo3,A,win,"[['Split', 13, 6, 7], ['Corrode', 13, 10, 3]]",26,16,10,VCT 2026: China Kickoff,Main Event: Middle Round 1,"['TYL splash', 'TYL sword9', 'TYL Scales', 'TYL Erv', 'TYL slowly']",Pearl,Abyss,Split,Breeze,-,Split,Corrode,-,-,-,https://www.vlr.gg/598932/nova-esports-vs-tyloo-vct-2026-china-kickoff-mr1
Titan Esports Club,TEC,2,Bo3,A,win,"[['Breeze', 11, 4, 7], ['Bind', 13, 6, 7], ['Haven', 8, 3, 5]]",32,13,19,VCT 2026: China Kickoff,Main Event: Middle Round 1,"['TEC Haodong', 'TEC Coco', 'TEC lucas', 'TEC Dynamite', 'TEC Abo']",Pearl,Abyss,Breeze,Haven,-,Breeze,Bind,Haven,-,-,https://www.vlr.gg/598933/titan-esports-club-vs-wolves-esports-vct-2026-china-kickoff-mr1
Wolves Esports,WOL,1,Bo3,B,loss,"[['Breeze', 13, 5, 8], ['Bind', 7, 5, 2], ['Haven', 13, 7, 6]]",33,17,16,VCT 2026: China Kickoff,Main Event: Middle Round 1,"['WOL qiutiaN', 'WOL jowa', 'WOL yosemite', 'WOL Spring', 'WOL SiuFatBB']",Corrode,Split,Bind,Haven,-,Breeze,Bind,Haven,-,-,https://www.vlr.gg/598933/titan-esports-club-vs-wolves-esports-vct-2026-china-kickoff-mr1
Trace Esports,TE,2,Bo3,A,win,"[['Split', 11, 6, 5], ['Pearl', 13, 11, 2], ['Corrode', 4, 2, 2]]",28,19,9,VCT 2026: China Kickoff,Main Event: Middle Round 1,"['TE deLb', 'TE FengF', 'TE Viva', 'TE Kai', 'TE LuoK1ng']",Breeze,Bind,Split,Corrode,-,Split,Pearl,Corrode,-,-,https://www.vlr.gg/598934/trace-esports-vs-jdg-esports-vct-2026-china-kickoff-mr1
JDG Esports,JDG,1,Bo3,B,loss,"[['Split', 13, 7, 6], ['Pearl', 3, 2, 1], ['Corrode', 13, 10, 3]]",29,19,10,VCT 2026: China Kickoff,Main Event: Middle Round 1,"['JDG jkuro', 'JDG Yuicaw', 'JDG zhe', 'JDG coconut', 'JDG stew']",Abyss,Haven,Pearl,Corrode,-,Split,Pearl,Corrode,-,-,https://www.vlr.gg/598934/trace-esports-vs-jdg-esports-vct-2026-china-kickoff-mr1
FunPlus Phoenix,FPX,0,Bo3,B,loss,"[['Pearl', 9, 5, 4], ['Bind', 15, 5, 7]]",24,10,11,VCT 2026: China Kickoff,Main Event: Middle Round 1,"['FPX BerLIN', 'FPX AAAAY', 'FPX Setrod', 'FPX sScary', 'FPX Life']",Split,Abyss,Bind,Breeze,-,Pearl,Bind,-,-,-,https://www.vlr.gg/598935/funplus-phoenix-vs-bilibili-gaming-vct-2026-china-kickoff-mr1
Bilibili Gaming,BLG,2,Bo3,A,win,"[['Pearl', 13, 8, 5], ['Bind', 17, 5, 7]]",30,13,12,VCT 2026: China Kickoff,Main Event: Middle Round 1,"['BLG whzy', 'BLG rushia', 'BLG Knight', 'BLG nephh', 'BLG bud']",Corrode,Haven,Pearl,Breeze,-,Pearl,Bind,-,-,-,https://www.vlr.gg/598935/funplus-phoenix-vs-bilibili-gaming-vct-2026-china-kickoff-mr1
TYLOO,TYL,2,Bo3,A,win,"[['Corrode', 13, 8, 5], ['Breeze', 9, 7, 2], ['Split', 9, 5, 4]]",31,20,11,VCT 2026: China Kickoff,Main Event: Middle Round 2,"['TYL splash', 'TYL Erv', 'TYL slowly', 'TYL Scales', 'TYL sword9']",Haven,Bind,Corrode,Split,-,Corrode,Breeze,Split,-,-,https://www.vlr.gg/598936/tyloo-vs-titan-esports-club-vct-2026-china-kickoff-mr2
Titan Esports Club,TEC,1,Bo3,B,loss,"[['Corrode', 10, 6, 4], ['Breeze', 13, 8, 5], ['Split', 13, 6, 7]]",36,20,16,VCT 2026: China Kickoff,Main Event: Middle Round 2,"['TEC Coco', 'TEC lucas', 'TEC Dynamite', 'TEC Haodong', 'TEC Abo']",Pearl,Abyss,Breeze,Split,-,Corrode,Breeze,Split,-,-,https://www.vlr.gg/598936/tyloo-vs-titan-esports-club-vct-2026-china-kickoff-mr2
Trace Esports,TE,0,Bo3,A,loss,"[['Abyss', 13, 9, 4], ['Breeze', 13, 4, 9]]",26,13,13,VCT 2026: China Kickoff,Main Event: Middle Round 2,"['TE deLb', 'TE LuoK1ng', 'TE Kai', 'TE FengF', 'TE Viva']",Pearl,Bind,Abyss,Haven,-,Abyss,Breeze,-,-,-,https://www.vlr.gg/598937/trace-esports-vs-bilibili-gaming-vct-2026-china-kickoff-mr2
Bilibili Gaming,BLG,2,Bo3,B,win,"[['Abyss', 10, 7, 3], ['Breeze', 11, 3, 8]]",21,10,11,VCT 2026: China Kickoff,Main Event: Middle Round 2,"['BLG whzy', 'BLG nephh', 'BLG bud', 'BLG rushia', 'BLG Knight']",Corrode,Split,Breeze,Haven,-,Abyss,Breeze,-,-,-,https://www.vlr.gg/598937/trace-esports-vs-bilibili-gaming-vct-2026-china-kickoff-mr2
Nova Esports,NOVA,1,Bo3,A,loss,"[['Abyss', 5, 5, 0], ['Haven', 13, 4, 9], ['Pearl', 13, 3, 10]]",31,12,19,VCT 2026: China Kickoff,Main Event: Lower Round 1,"['NOVA OBONE', 'NOVA Ezeir', 'NOVA GREEN', 'NOVA GuanG', 'NOVA heybay']",Bind,Split,Abyss,Pearl,-,Abyss,Haven,Pearl,-,-,https://www.vlr.gg/598942/nova-esports-vs-wolves-esports-vct-2026-china-kickoff-lr1
Wolves Esports,WOL,2,Bo3,B,win,"[['Abyss', 13, 6, 7], ['Haven', 3, 3, 0], ['Pearl', 11, 2, 9]]",27,11,16,VCT 2026: China Kickoff,Main Event: Lower Round 1,"['WOL yosemite', 'WOL Spring', 'WOL qiutiaN', 'WOL SiuFatBB', 'WOL jowa']",Corrode,Breeze,Haven,Pearl,-,Abyss,Haven,Pearl,-,-,https://www.vlr.gg/598942/nova-esports-vs-wolves-esports-vct-2026-china-kickoff-lr1
All Gamers,AG,2,Bo3,B,win,"[['Corrode', 7, 3, 4], ['Bind', 15, 7, 5], ['Abyss', 13, 7, 6]]",35,17,15,VCT 2026: China Kickoff,Main Event: Upper Round 3,"['AG iamgrq', 'AG Shr1mp', 'AG K1ra', 'AG f4ngeer', 'AG Au1']",Breeze,Pearl,Bind,Abyss,-,Corrode,Bind,Abyss,-,-,https://www.vlr.gg/598929/all-gamers-vs-dragon-ranger-gaming-vct-2026-china-kickoff-ur3
Dragon Ranger Gaming,DRG,1,Bo3,A,loss,"[['Corrode', 13, 8, 5], ['Bind', 13, 7, 5], ['Abyss', 10, 6, 4]]",36,21,14,VCT 2026: China Kickoff,Main Event: Upper Round 3,"['DRG vo0kashu', 'DRG SpiritZ1', 'DRG Flex1n', 'DRG Nicc', 'DRG Akeman']",Haven,Split,Corrode,Abyss,-,Corrode,Bind,Abyss,-,-,https://www.vlr.gg/598929/all-gamers-vs-dragon-ranger-gaming-vct-2026-china-kickoff-ur3
JDG Esports,JDG,2,Bo3,A,win,"[['Pearl', 13, 6, 7], ['Bind', 3, 2, 1], ['Haven', 7, 6, 1]]",23,14,9,VCT 2026: China Kickoff,Main Event: Lower Round 1,"['JDG Yuicaw', 'JDG stew', 'JDG zhe', 'JDG jkuro', 'JDG coconut']",Breeze,Corrode,Pearl,Haven,-,Pearl,Bind,Haven,-,-,https://www.vlr.gg/598943/jdg-esports-vs-funplus-phoenix-vct-2026-china-kickoff-lr1
FunPlus Phoenix,FPX,1,Bo3,B,loss,"[['Pearl', 5, 5, 0], ['Bind', 13, 3, 10], ['Haven', 13, 7, 6]]",31,15,16,VCT 2026: China Kickoff,Main Event: Lower Round 1,"['FPX AAAAY', 'FPX BerLIN', 'FPX sScary', 'FPX Setrod', 'FPX Life']",Split,Abyss,Bind,Haven,-,Pearl,Bind,Haven,-,-,https://www.vlr.gg/598943/jdg-esports-vs-funplus-phoenix-vct-2026-china-kickoff-lr1
Xi Lai Gaming,XLG,2,Bo3,B,win,"[['Split', 13, 6, 7], ['Pearl', 13, 4, 9]]",26,10,16,VCT 2026: China Kickoff,Main Event: Upper Round 3,"['XLG happywei', 'XLG Lysoar', 'XLG WsLeo', 'XLG NoMan', 'XLG Rarga']",Corrode,Haven,Pearl,Bind,-,Split,Pearl,-,-,-,https://www.vlr.gg/598930/xi-lai-gaming-vs-edward-gaming-vct-2026-china-kickoff-ur3
EDward Gaming,EDG,0,Bo3,A,loss,"[['Split', 5, 5, 0], ['Pearl', 6, 3, 3]]",11,8,3,VCT 2026: China Kickoff,Main Event: Upper Round 3,"['EDG CHICHOO', 'EDG nobody', 'EDG Smoggy', 'EDG cb', 'EDG ZmjjKK']",Breeze,Abyss,Split,Bind,-,Split,Pearl,-,-,-,https://www.vlr.gg/598930/xi-lai-gaming-vs-edward-gaming-vct-2026-china-kickoff-ur3
Trace Esports,TE,2,Bo3,A,win,"[['Abyss', 14, 7, 5], ['Bind', 8, 6, 2], ['Split', 6, 4, 2]]",28,17,9,VCT 2026: China Kickoff,Main Event: Lower Round 2,"['TE Viva', 'TE Kai', 'TE FengF', 'TE deLb', 'TE LuoK1ng']",Pearl,Haven,Abyss,Split,-,Abyss,Bind,Split,-,-,https://www.vlr.gg/598944/trace-esports-vs-wolves-esports-vct-2026-china-kickoff-lr2
Wolves Esports,WOL,1,Bo3,B,loss,"[['Abyss', 12, 7, 5], ['Bind', 13, 7, 6], ['Split', 13, 10, 3]]",38,24,14,VCT 2026: China Kickoff,Main Event: Lower Round 2,"['WOL SiuFatBB', 'WOL yosemite', 'WOL jowa', 'WOL qiutiaN', 'WOL Spring']",Corrode,Breeze,Bind,Split,-,Abyss,Bind,Split,-,-,https://www.vlr.gg/598944/trace-esports-vs-wolves-esports-vct-2026-china-kickoff-lr2
Dragon Ranger Gaming,DRG,2,Bo3,A,win,"[['Corrode', 13, 4, 9], ['Split', 6, 3, 3], ['Pearl', 6, 5, 1]]",25,12,13,VCT 2026: China Kickoff,Main Event: Middle Round 3,"['DRG vo0kashu', 'DRG Nicc', 'DRG SpiritZ1', 'DRG Flex1n', 'DRG Akeman']",Haven,Bind,Corrode,Pearl,-,Corrode,Split,Pearl,-,-,https://www.vlr.gg/598938/dragon-ranger-gaming-vs-tyloo-vct-2026-china-kickoff-mr3
TYLOO,TYL,1,Bo3,B,loss,"[['Corrode', 10, 2, 8], ['Split', 13, 9, 4], ['Pearl', 13, 6, 7]]",36,17,19,VCT 2026: China Kickoff,Main Event: Middle Round 3,"['TYL Scales', 'TYL Erv', 'TYL slowly', 'TYL splash', 'TYL sword9']",Abyss,Breeze,Split,Pearl,-,Corrode,Split,Pearl,-,-,https://www.vlr.gg/598938/dragon-ranger-gaming-vs-tyloo-vct-2026-china-kickoff-mr3
Titan Esports Club,TEC,1,Bo3,B,loss,"[['Bind', 13, 10, 3], ['Haven', 10, 5, 5], ['Split', 8, 2, 6]]",31,17,14,VCT 2026: China Kickoff,Main Event: Lower Round 2,"['TEC Abo', 'TEC Dynamite', 'TEC lucas', 'TEC Haodong', 'TEC Coco']",Pearl,Abyss,Haven,Split,-,Bind,Haven,Split,-,-,https://www.vlr.gg/598945/titan-esports-club-vs-jdg-esports-vct-2026-china-kickoff-lr2
JDG Esports,JDG,2,Bo3,A,win,"[['Bind', 5, 3, 2], ['Haven', 13, 6, 7], ['Split', 13, 3, 10]]",31,12,19,VCT 2026: China Kickoff,Main Event: Lower Round 2,"['JDG Yuicaw', 'JDG stew', 'JDG jkuro', 'JDG zhe', 'JDG coconut']",Breeze,Corrode,Bind,Split,-,Bind,Haven,Split,-,-,https://www.vlr.gg/598945/titan-esports-club-vs-jdg-esports-vct-2026-china-kickoff-lr2
EDward Gaming,EDG,1,Bo3,B,loss,"[['Abyss', 7, 6, 1], ['Haven', 13, 4, 9], ['Breeze', 5, 3, 2]]",25,13,12,VCT 2026: China Kickoff,Main Event: Middle Round 3,"['EDG CHICHOO', 'EDG nobody', 'EDG ZmjjKK', 'EDG Smoggy', 'EDG cb']",Pearl,Split,Haven,Breeze,-,Abyss,Haven,Breeze,-,-,https://www.vlr.gg/598939/edward-gaming-vs-bilibili-gaming-vct-2026-china-kickoff-mr3
Bilibili Gaming,BLG,2,Bo3,A,win,"[['Abyss', 13, 7, 6], ['Haven', 9, 3, 6], ['Breeze', 13, 10, 3]]",35,20,15,VCT 2026: China Kickoff,Main Event: Middle Round 3,"['BLG nephh', 'BLG Knight', 'BLG whzy', 'BLG rushia', 'BLG bud']",Corrode,Bind,Abyss,Breeze,-,Abyss,Haven,Breeze,-,-,https://www.vlr.gg/598939/edward-gaming-vs-bilibili-gaming-vct-2026-china-kickoff-mr3
TYLOO,TYL,2,Bo3,A,win,"[['Haven', 7, 4, 3], ['Abyss', 12, 7, 5]]",19,11,8,VCT 2026: China Kickoff,Main Event: Lower Round 3,"['TYL sword9', 'TYL splash', 'TYL Scales', 'TYL Erv', 'TYL slowly']",Split,Corrode,Haven,Breeze,-,Haven,Abyss,-,-,-,https://www.vlr.gg/598946/tyloo-vs-trace-esports-vct-2026-china-kickoff-lr3
Trace Esports,TE,0,Bo3,B,loss,"[['Haven', 13, 9, 4], ['Abyss', 14, 7, 5]]",27,16,9,VCT 2026: China Kickoff,Main Event: Lower Round 3,"['TE deLb', 'TE Viva', 'TE Kai', 'TE LuoK1ng', 'TE FengF']",Pearl,Bind,Abyss,Breeze,-,Haven,Abyss,-,-,-,https://www.vlr.gg/598946/tyloo-vs-trace-esports-vct-2026-china-kickoff-lr3
EDward Gaming,EDG,2,Bo3,B,win,"[['Abyss', 13, 7, 6], ['Haven', 6, 3, 3], ['Corrode', 13, 9, 4]]",32,19,13,VCT 2026: China Kickoff,Main Event: Lower Round 3,"['EDG Smoggy', 'EDG ZmjjKK', 'EDG nobody', 'EDG cb', 'EDG CHICHOO']",Pearl,Split,Haven,Corrode,-,Abyss,Haven,Corrode,-,-,https://www.vlr.gg/598947/edward-gaming-vs-jdg-esports-vct-2026-china-kickoff-lr3
JDG Esports,JDG,1,Bo3,A,loss,"[['Abyss', 6, 1, 5], ['Haven', 13, 4, 9], ['Corrode', 5, 2, 3]]",24,7,17,VCT 2026: China Kickoff,Main Event: Lower Round 3,"['JDG jkuro', 'JDG zhe', 'JDG stew', 'JDG coconut', 'JDG Yuicaw']",Breeze,Bind,Abyss,Corrode,-,Abyss,Haven,Corrode,-,-,https://www.vlr.gg/598947/edward-gaming-vs-jdg-esports-vct-2026-china-kickoff-lr3
Dragon Ranger Gaming,DRG,0,Bo3,A,loss,"[['Split', 13, 7, 6], ['Abyss', 13, 3, 10]]",26,10,16,VCT 2026: China Kickoff,Main Event: Middle Round 4,"['DRG Nicc', 'DRG Akeman', 'DRG vo0kashu', 'DRG SpiritZ1', 'DRG Flex1n']",Haven,Bind,Split,Breeze,-,Split,Abyss,-,-,-,https://www.vlr.gg/598940/dragon-ranger-gaming-vs-bilibili-gaming-vct-2026-china-kickoff-mr4
Bilibili Gaming,BLG,2,Bo3,B,win,"[['Split', 6, 1, 5], ['Abyss', 2, 2, 0]]",8,3,5,VCT 2026: China Kickoff,Main Event: Middle Round 4,"['BLG whzy', 'BLG nephh', 'BLG bud', 'BLG rushia', 'BLG Knight']",Corrode,Pearl,Abyss,Breeze,-,Split,Abyss,-,-,-,https://www.vlr.gg/598940/dragon-ranger-gaming-vs-bilibili-gaming-vct-2026-china-kickoff-mr4
TYLOO,TYL,1,Bo3,B,loss,"[['Bind', 13, 4, 9], ['Haven', 9, 8, 1], ['Corrode', 7, 3, 4]]",29,15,14,VCT 2026: China Kickoff,Main Event: Lower Round 4,"['TYL Erv', 'TYL sword9', 'TYL slowly', 'TYL Scales', 'TYL splash']",Abyss,Pearl,Haven,Corrode,-,Bind,Haven,Corrode,-,-,https://www.vlr.gg/598948/tyloo-vs-edward-gaming-vct-2026-china-kickoff-lr4
EDward Gaming,EDG,2,Bo3,A,win,"[['Bind', 3, 3, 0], ['Haven', 13, 9, 4], ['Corrode', 13, 8, 5]]",29,20,9,VCT 2026: China Kickoff,Main Event: Lower Round 4,"['EDG Smoggy', 'EDG CHICHOO', 'EDG cb', 'EDG ZmjjKK', 'EDG nobody']",Breeze,Split,Bind,Corrode,-,Bind,Haven,Corrode,-,-,https://www.vlr.gg/598948/tyloo-vs-edward-gaming-vct-2026-china-kickoff-lr4
Dragon Ranger Gaming,DRG,1,Bo3,B,loss,"[['Split', 13, 6, 7], ['Pearl', 2, 1, 1], ['Corrode', 6, 4, 2]]",21,11,10,VCT 2026: China Kickoff,Main Event: Lower Round 5,"['DRG vo0kashu', 'DRG Nicc', 'DRG Akeman', 'DRG SpiritZ1', 'DRG Flex1n']",Abyss,Haven,Pearl,Corrode,-,Split,Pearl,Corrode,-,-,https://www.vlr.gg/598949/dragon-ranger-gaming-vs-edward-gaming-vct-2026-china-kickoff-lr5
EDward Gaming,EDG,2,Bo3,A,win,"[['Split', 11, 5, 6], ['Pearl', 13, 11, 2], ['Corrode', 13, 5, 8]]",37,21,16,VCT 2026: China Kickoff,Main Event: Lower Round 5,"['EDG cb', 'EDG Smoggy', 'EDG nobody', 'EDG CHICHOO', 'EDG ZmjjKK']",Breeze,Bind,Split,Corrode,-,Split,Pearl,Corrode,-,-,https://www.vlr.gg/598949/dragon-ranger-gaming-vs-edward-gaming-vct-2026-china-kickoff-lr5
All Gamers,AG,3,Bo5,B,win,"[['Pearl', 13, 2, 11], ['Split', 13, 4, 9], ['Bind', 7, 3, 4], ['Abyss', 6, 1, 5], ['Haven', 13, 8, 5]]",52,18,34,VCT 2026: China Kickoff,Main Event: Upper Final,"['AG Shr1mp', 'AG f4ngeer', 'AG K1ra', 'AG Au1', 'AG iamgrq']",Breeze,-,Split,Abyss,Haven,Pearl,Split,Bind,Abyss,Haven,https://www.vlr.gg/598931/all-gamers-vs-xi-lai-gaming-vct-2026-china-kickoff-ubf
Xi Lai Gaming,XLG,2,Bo5,A,loss,"[['Pearl', 5, 1, 4], ['Split', 11, 3, 8], ['Bind', 13, 8, 5], ['Abyss', 13, 7, 6], ['Haven', 10, 7, 3]]",52,26,26,VCT 2026: China Kickoff,Main Event: Upper Final,"['XLG happywei', 'XLG Rarga', 'XLG Lysoar', 'XLG NoMan', 'XLG WsLeo']",Corrode,-,Pearl,Bind,Haven,Pearl,Split,Bind,Abyss,Haven,https://www.vlr.gg/598931/all-gamers-vs-xi-lai-gaming-vct-2026-china-kickoff-ubf
Xi Lai Gaming,XLG,3,Bo5,B,win,"[['Abyss', 14, 7, 5], ['Bind', 13, 9, 4], ['Breeze', 12, 6, 6], ['Pearl', 13, 4, 9], ['Split', 13, 4, 9]]",65,30,33,VCT 2026: China Kickoff,Main Event: Middle Final,"['XLG happywei', 'XLG NoMan', 'XLG Lysoar', 'XLG Rarga', 'XLG WsLeo']",Corrode,-,Bind,Pearl,Split,Abyss,Bind,Breeze,Pearl,Split,https://www.vlr.gg/598941/xi-lai-gaming-vs-bilibili-gaming-vct-2026-china-kickoff-mbf
Bilibili Gaming,BLG,2,Bo5,A,loss,"[['Abyss', 16, 7, 5], ['Bind', 4, 1, 3], ['Breeze', 14, 6, 6], ['Pearl', 11, 3, 8], ['Split', 4, 3, 1]]",49,20,23,VCT 2026: China Kickoff,Main Event: Middle Final,"['BLG whzy', 'BLG bud', 'BLG rushia', 'BLG Biank', 'BLG nephh']",Haven,-,Abyss,Breeze,Split,Abyss,Bind,Breeze,Pearl,Split,https://www.vlr.gg/598941/xi-lai-gaming-vs-bilibili-gaming-vct-2026-china-kickoff-mbf
Bilibili Gaming,BLG,1,Bo5,A,loss,"[['Pearl', 9, 3, 6], ['Haven', 13, 6, 7], ['Abyss', 13, 7, 6], ['Split', 13, 7, 6]]",48,23,25,VCT 2026: China Kickoff,Main Event: Lower Final,"['BLG rushia', 'BLG bud', 'BLG whzy', 'BLG nephh', 'BLG Biank']",Corrode,-,Pearl,Abyss,Bind,Pearl,Haven,Abyss,Split,-,https://www.vlr.gg/598950/bilibili-gaming-vs-edward-gaming-vct-2026-china-kickoff-lbf
EDward Gaming,EDG,3,Bo5,B,win,"[['Pearl', 13, 6, 7], ['Haven', 10, 4, 6], ['Abyss', 10, 6, 4], ['Split', 6, 1, 5]]",39,17,22,VCT 2026: China Kickoff,Main Event: Lower Final,"['EDG ZmjjKK', 'EDG CHICHOO', 'EDG cb', 'EDG Smoggy', 'EDG nobody']",Breeze,-,Haven,Split,Bind,Pearl,Haven,Abyss,Split,-,https://www.vlr.gg/598950/bilibili-gaming-vs-edward-gaming-vct-2026-china-kickoff-lbf
